Symbol,Industry,Signal,1D Return %,1W Return %,1M Return %,3M Return %,6M Return %,Above_SMA_200,Weighted Sharpe,weighted_avg,RS,Last_Updated,Chart_Link,Prev_Close,RSI_14,1M_Return,3M_Return,6M_Return,SMA_50,SMA_200,EMA_9,ST_15_3,Index_ST_DIR
360ONE,Financial Services,HOLD,2.92,6.19,8.07,11.78,4.97,Yes,0.55,0.0448390977295698,58.0,2026-07-29 13:40:26,https://in.tradingview.com/chart/?symbol=NSE:360ONE,1161.3,60.7330092577307,0.0806811836962591,0.11776312623321616,0.04971526710657148,1104.8899999999999,1104.6750000000004,1122.2782935575096,1057.4256427147516,Up
3MINDIA,Diversified,HOLD,0.95,-0.84,7.67,6.51,4.5,Yes,0.62,0.10739081096873215,69.0,2026-07-29 13:40:26,https://in.tradingview.com/chart/?symbol=NSE:3MINDIA,35425.0,56.70615297567415,0.07674772036474153,0.06509320505111238,0.04498525073746307,33657.50000000001,33576.399999999994,35310.368244163896,33751.15170471165,Up
AADHARHFC,Financial Services,SELL,-0.53,-2.95,-3.96,0.28,5.35,Yes,-0.08,-0.004288802762767796,48.0,2026-07-29 13:40:26,https://in.tradingview.com/chart/?symbol=NSE:AADHARHFC,495.2,42.114529297510174,-0.039565554693560934,0.0028351559335761944,0.053504946282310284,498.163,487.31350000000003,504.15779183135936,537.2889782191982,Up
AARTIDRUGS,Healthcare,HOLD,0.72,-0.18,8.83,8.38,9.46,Yes,0.14,-0.03721941392561324,39.0,2026-07-29 13:40:26,https://in.tradingview.com/chart/?symbol=NSE:AARTIDRUGS,411.25,57.98755721658655,0.08825086001587734,0.08380550797206476,0.09462336970987484,388.05,398.864,410.28682879018334,390.7180009605145,Up
AARTIIND,Chemicals,HOLD,1.84,-2.11,5.93,-3.23,40.14,Yes,0.42,0.14595251222638608,74.0,2026-07-29 13:40:26,https://in.tradingview.com/chart/?symbol=NSE:AARTIIND,485.5,51.69857067522211,0.05934977089242843,-0.032290213274865476,0.4013566171164671,475.505,424.38699999999983,485.14331913779995,457.41397752841135,Up
AARTIPHARM,Healthcare,SELL,1.08,1.52,0.43,-4.11,-10.16,No,-0.53,-0.13181127026400083,18.0,2026-07-29 13:40:26,https://in.tradingview.com/chart/?symbol=NSE:AARTIPHARM,682.95,48.2581029760451,0.004264392324093924,-0.04113724113724104,-0.10155890284812197,677.6040000000002,722.1062499999999,684.3774473480782,656.1614251777943,Up
AAVAS,Financial Services,SELL,0.51,-4.22,-9.05,0.51,-5.45,No,-0.46,-0.09471208426904548,27.0,2026-07-29 13:40:26,https://in.tradingview.com/chart/?symbol=NSE:AAVAS,1383.1,39.743655693468774,-0.09054445028932145,0.0050868396192136345,-0.05448455017774134,1420.1760000000002,1424.5460000000007,1417.1165844676798,1504.200133411305,Up
ABB,Capital Goods,HOLD,0.92,-2.6,3.98,0.31,53.73,Yes,0.87,0.238247336334775,83.0,2026-07-29 13:40:26,https://in.tradingview.com/chart/?symbol=NSE:ABB,7310.5,54.12211320745746,0.039752524534205635,0.0030872667398462728,0.5372726316896226,7057.790000000003,6048.959999999997,7337.335578273438,6994.024102424339,Up
ABBOTINDIA,Healthcare,HOLD,-0.45,-3.88,9.2,9.61,0.2,Yes,0.15,-0.014530253627896794,45.0,2026-07-29 13:40:26,https://in.tradingview.com/chart/?symbol=NSE:ABBOTINDIA,27780.0,55.84646511269442,0.09198113207547176,0.09607417636614723,0.0019837691614066344,26848.499999999996,27524.75,27972.75316796903,27196.01603532899,Up
ABCAPITAL,Financial Services,HOLD,1.6,-0.75,1.44,17.53,12.16,Yes,1.29,0.24865842400543609,84.0,2026-07-29 13:40:26,https://in.tradingview.com/chart/?symbol=NSE:ABCAPITAL,397.6,52.87936239024266,0.014415103967342802,0.17528820573455506,0.12157968970380817,379.047,347.75649999999996,397.57365167526143,378.7776209115132,Up
ABDL,Fast Moving Consumer Goods,SELL,3.95,4.73,-3.46,18.52,44.74,Yes,1.23,0.25069037926481874,85.0,2026-07-29 13:40:26,https://in.tradingview.com/chart/?symbol=NSE:ABDL,644.8,55.85550661149398,-0.034586015870639364,0.18518518518518512,0.4473625140291806,611.24,560.7495,626.8211225706422,670.3571476888018,Up
ABFRL,Consumer Services,SELL,2.4,1.77,0.0,-8.68,-8.84,No,-0.9,-0.15897028307246044,14.0,2026-07-29 13:40:26,https://in.tradingview.com/chart/?symbol=NSE:ABFRL,58.06,47.03681792549232,0.0,-0.08681975463982383,-0.08839692259381371,60.41440000000003,68.32770000000002,57.41329414030523,60.89438364641995,Up
ABLBL,Consumer Services,SELL,1.66,1.73,-0.82,-8.24,-10.39,No,-1.04,-0.19232373566228864,8.0,2026-07-29 13:40:26,https://in.tradingview.com/chart/?symbol=NSE:ABLBL,95.43,48.034064060460416,-0.008210351278320482,-0.0824038461538461,-0.10394366197183091,97.8756,111.71230000000001,94.8183917145512,100.1991444200835,Up
ABREL,Forest Materials,SELL,1.0,-0.21,6.2,-7.0,4.43,No,-0.53,-0.11729818953326479,22.0,2026-07-29 13:40:26,https://in.tradingview.com/chart/?symbol=NSE:ABREL,1405.6,53.27493287807606,0.06195225143547911,-0.0700013232764326,0.044279346210995385,1328.184,1452.4630000000004,1405.8895528427574,1310.4654457512884,Up
ABSLAMC,Financial Services,SELL,2.13,1.75,-11.62,-4.3,31.8,Yes,0.3,0.11142644429022211,70.0,2026-07-29 13:40:26,https://in.tradingview.com/chart/?symbol=NSE:ABSLAMC,1020.5,40.32266161036162,-0.11622066337576864,-0.04295226484103909,0.3180497255408459,1093.4220000000003,920.306,1035.5310171300127,1118.3221792716802,Up
ACC,Construction Materials,SELL,2.16,0.87,3.29,-4.76,-20.68,No,-1.53,-0.1735385951822141,12.0,2026-07-29 13:40:26,https://in.tradingview.com/chart/?symbol=NSE:ACC,1370.8,52.2514026390511,0.03285111512959604,-0.04759257972625586,-0.20680476796667058,1357.7140000000004,1573.7085000000002,1359.1867397669146,1323.1909039583368,Up
ACE,Capital Goods,HOLD,-2.44,4.34,2.67,16.26,30.28,Yes,0.86,0.09867381052227378,66.0,2026-07-29 13:40:26,https://in.tradingview.com/chart/?symbol=NSE:ACE,1051.3,59.01389055404178,0.026660156249999956,0.16262095659386233,0.30280686535720913,957.8860000000002,935.6487499999997,1033.2289476459284,964.6291277641908,Up
ACI,Chemicals,HOLD,1.4,0.31,8.03,-7.17,2.9,No,-0.6,-0.08921471429597738,28.0,2026-07-29 13:40:26,https://in.tradingview.com/chart/?symbol=NSE:ACI,564.25,56.03822273341253,0.08031782500478668,-0.0716518591641987,0.028996079146530462,536.909,566.5524999999999,559.6677713629789,531.1047130961316,Up
ACMESOLAR,Power,HOLD,3.14,-0.8,-3.65,20.13,77.34,Yes,1.6,0.3439309508009852,91.0,2026-07-29 13:40:26,https://in.tradingview.com/chart/?symbol=NSE:ACMESOLAR,366.65,50.7260359311672,-0.03652608067271068,0.2013433813892529,0.7733978234582828,350.00700000000006,275.66565,367.6314836262521,350.9854517475682,Up
ACUTAAS,Healthcare,SELL,0.26,-9.66,-6.24,33.97,101.06,Yes,2.53,0.8626253195730407,99.0,2026-07-29 13:40:26,https://in.tradingview.com/chart/?symbol=NSE:ACUTAAS,3306.2,44.816454637254495,-0.062390108331915384,0.3397357970662127,1.0105813670639745,3294.368,2313.161999999999,3414.337712929424,3676.181231692828,Up
ADANIENSOL,Power,BUY,1.11,-3.28,11.83,16.19,80.34,Yes,1.92,0.5643024439963896,97.0,2026-07-29 13:40:26,https://in.tradingview.com/chart/?symbol=NSE:ADANIENSOL,1667.8,55.579900635291885,0.11827812793348524,0.16186561705388547,0.8034169550173011,1559.254,1166.681,1683.5956803679733,1593.1852384068634,Up
ADANIENT,Metals & Mining,HOLD,0.74,-3.91,-0.38,25.37,44.96,Yes,1.64,0.2742991882578504,87.0,2026-07-29 13:40:26,https://in.tradingview.com/chart/?symbol=NSE:ADANIENT,3024.5,46.2524720092984,-0.0037878787878787845,0.2537307245896203,0.44962615030674846,3014.1119999999996,2429.0568500000004,3064.792691554436,2975.8841935651717,Up
ADANIGREEN,Power,SELL,-0.34,-6.74,-7.98,9.85,51.84,Yes,1.06,0.2720734642830587,86.0,2026-07-29 13:40:26,https://in.tradingview.com/chart/?symbol=NSE:ADANIGREEN,1373.1,36.06815512019777,-0.079815038198633,0.09852394095763817,0.518412031405507,1480.798,1137.128,1429.6874442489298,1522.5217067960555,Up
ADANIPORTS,Services,SELL,-3.1,-5.48,-5.0,5.01,21.6,Yes,0.69,0.1337936452048142,73.0,2026-07-29 13:40:26,https://in.tradingview.com/chart/?symbol=NSE:ADANIPORTS,1719.7,33.582450550845934,-0.049994475748536105,0.05013434294088914,0.21602319332484798,1810.7659999999998,1571.6920000000002,1781.1574493350377,1857.5709886529226,Up
ADANIPOWER,Power,SELL,0.61,-3.42,-6.37,-6.19,48.68,Yes,0.52,0.26915029070836227,86.0,2026-07-29 13:40:26,https://in.tradingview.com/chart/?symbol=NSE:ADANIPOWER,209.52,39.68810837725588,-0.0636814586405684,-0.0619207521826729,0.48680102185637253,223.8494,175.1585000000001,213.5455375135336,227.16724031372289,Up
ADVENZYMES,Healthcare,SELL,-0.02,-0.72,1.07,-9.12,14.29,No,-0.27,-0.023609827178393085,43.0,2026-07-29 13:40:26,https://in.tradingview.com/chart/?symbol=NSE:ADVENZYMES,310.8,35.263228639237724,0.01073170731707318,-0.09122807017543855,0.14285714285714302,348.634,316.09975000000003,316.0068704262052,347.12776251402033,Up
AEGISLOG,Oil Gas & Consumable Fuels,HOLD,0.96,-5.08,9.26,80.28,94.81,Yes,2.71,0.7691853106496512,99.0,2026-07-29 13:40:26,https://in.tradingview.com/chart/?symbol=NSE:AEGISLOG,1282.6,54.95689792473853,0.09255079006772005,0.8027971045048841,0.948055893074119,1060.466,800.6929999999996,1307.3027664723784,1190.4575755277335,Up
AEGISVOPAK,Oil Gas & Consumable Fuels,BUY,1.01,-0.08,25.87,48.39,43.81,Yes,1.54,0.29137168899612736,88.0,2026-07-29 13:40:26,https://in.tradingview.com/chart/?symbol=NSE:AEGISVOPAK,295.41,61.9667268324669,0.2587242745749714,0.48387582881253777,0.4381480940557909,241.4014,232.227,291.1899107223259,257.15678427280545,Up
AETHER,Chemicals,BUY,1.45,1.59,9.34,27.0,51.73,Yes,2.09,0.5665119880102801,97.0,2026-07-29 13:40:26,https://in.tradingview.com/chart/?symbol=NSE:AETHER,1486.0,63.26026729401716,0.09337061290559934,0.2699769250491413,0.5173329248991678,1276.2500000000005,1040.55725,1460.5163953534231,1336.0925895536318,Up
AFCONS,Construction,SELL,0.89,-2.48,-9.45,-15.32,-18.2,No,-1.55,-0.23628777799439118,4.0,2026-07-29 13:40:26,https://in.tradingview.com/chart/?symbol=NSE:AFCONS,282.75,36.213523691450156,-0.09447558046437154,-0.15318957771787955,-0.18197598727036013,309.0609999999999,347.50200000000007,286.9467718171708,306.2976117350502,Up
AFFLE,Information Technology,HOLD,1.05,10.01,16.17,15.22,2.46,Yes,0.42,0.014376258105907182,51.0,2026-07-29 13:40:26,https://in.tradingview.com/chart/?symbol=NSE:AFFLE,1649.0,68.02676909334504,0.16167664670658688,0.15217998882057016,0.02460544302224421,1479.6119999999999,1580.1304999999995,1544.3286342338936,1485.7562012697108,Up
AGARWALEYE,Healthcare,HOLD,-1.24,1.45,1.68,10.29,3.94,Yes,0.49,0.04789109785035109,59.0,2026-07-29 13:40:26,https://in.tradingview.com/chart/?symbol=NSE:AGARWALEYE,487.0,55.166543495830055,0.016807599958241992,0.10293285018684184,0.039376800768327724,472.49700000000024,474.172,484.3850161385943,452.8445155906942,Up
AGI,Capital Goods,SELL,1.83,6.73,3.14,5.71,7.5,Yes,0.16,-0.026728527712396977,43.0,2026-07-29 13:40:26,https://in.tradingview.com/chart/?symbol=NSE:AGI,710.95,58.34426022840343,0.03140867546786619,0.05709612668203112,0.07499810992666522,663.468,666.3030000000003,694.0687283219864,728.1295557481649,Up
AHLUCONT,Construction,SELL,-2.1,-0.93,-4.73,-7.57,-6.79,No,-0.74,-0.11994251158405775,21.0,2026-07-29 13:40:26,https://in.tradingview.com/chart/?symbol=NSE:AHLUCONT,815.3,44.82066197973866,-0.04732414115447536,-0.07572837546763411,-0.06785571371405708,823.9409999999998,863.1870000000002,829.6609931703624,790.6164320173963,Up
AIAENG,Capital Goods,SELL,0.88,0.37,-8.62,16.27,23.56,Yes,1.49,0.2664840193756839,86.0,2026-07-29 13:40:26,https://in.tradingview.com/chart/?symbol=NSE:AIAENG,4643.5,49.39274469636025,-0.08617703782422159,0.16267714958185175,0.2355648980895111,4580.096000000001,3959.595,4642.801988199815,4941.139257560359,Up
AIIL,Financial Services,HOLD,-1.21,1.6,5.07,12.76,-0.73,Yes,0.4,0.013217761489952238,51.0,2026-07-29 13:40:26,https://in.tradingview.com/chart/?symbol=NSE:AIIL,550.95,56.61482538518948,0.05072947458758459,0.12760949652067133,-0.007297297297297223,514.9919999999998,526.33215,544.8557365835036,494.00745106819977,Up
AJANTPHARM,Healthcare,HOLD,1.62,-1.8,-0.77,23.24,24.98,Yes,1.74,0.26506887915077937,85.0,2026-07-29 13:40:26,https://in.tradingview.com/chart/?symbol=NSE:AJANTPHARM,3396.5,54.09745187439642,-0.007654775469658426,0.2324020319303337,0.2498160141301149,3221.252,2867.182999999999,3403.2222947433743,3233.3641426141985,Up
AJAXENGG,Capital Goods,HOLD,1.27,0.46,6.69,9.52,14.11,Yes,0.37,0.01959648725463109,53.0,2026-07-29 13:40:26,https://in.tradingview.com/chart/?symbol=NSE:AJAXENGG,578.0,53.92346085398544,0.06691278264882317,0.09521553765987689,0.14105221597078277,567.495,553.8210000000003,575.7878540559876,556.789714413777,Up
AKUMS,Healthcare,HOLD,0.36,-4.57,6.64,24.63,58.04,Yes,1.92,0.34121831371096234,91.0,2026-07-29 13:40:26,https://in.tradingview.com/chart/?symbol=NSE:AKUMS,664.55,53.65546144398418,0.06643665249137443,0.246342835708927,0.5803804994054695,611.512,503.5699999999997,675.6096265612284,629.5791802025552,Up
ALIVUS,Healthcare,HOLD,2.27,-0.76,-2.31,12.12,31.14,Yes,1.19,0.1689497971855427,77.0,2026-07-29 13:40:26,https://in.tradingview.com/chart/?symbol=NSE:ALIVUS,1129.8,51.871480211039675,-0.023086900129701715,0.12122264675234451,0.3114335461404527,1095.0140000000004,980.7217500000012,1125.8912993809479,1071.1071353042948,Up
ALKEM,Healthcare,HOLD,0.37,1.57,1.84,4.69,-1.49,Yes,0.29,0.04718383707298018,58.0,2026-07-29 13:40:26,https://in.tradingview.com/chart/?symbol=NSE:ALKEM,5672.5,57.51807858303503,0.01840215439856374,0.04687644181969186,-0.014934444733871621,5478.379999999999,5540.469999999997,5635.576995259899,5369.028536112304,Up
ALKYLAMINE,Chemicals,HOLD,0.22,-0.46,5.93,17.77,13.59,Yes,0.55,0.050649080216577526,59.0,2026-07-29 13:40:26,https://in.tradingview.com/chart/?symbol=NSE:ALKYLAMINE,1815.0,49.27725738414978,0.05929730360686358,0.17765377627822465,0.13593691325572665,1801.1839999999995,1644.8039999999999,1823.4619838145065,1744.1066606313502,Up
ALLCARGO,Services,SELL,0.12,-0.5,-0.99,-13.03,-13.96,No,-1.53,-0.3885113844570639,1.0,2026-07-29 13:40:26,https://in.tradingview.com/chart/?symbol=NSE:ALLCARGO,8.01,43.474550591578264,-0.00988875154511748,-0.13029315960912058,-0.13963480128893668,8.458000000000002,12.475049999999996,8.036107985656177,8.635566654708311,Up
ALOKINDS,Textiles,SELL,0.67,-0.33,-5.59,-13.67,-18.75,No,-1.74,-0.23681735326793069,4.0,2026-07-29 13:40:26,https://in.tradingview.com/chart/?symbol=NSE:ALOKINDS,12.0,38.28677717988301,-0.0558615263571991,-0.13669064748201443,-0.18754231550440081,12.543800000000001,14.603299999999999,12.125375429733657,12.912983925388522,Up
AMBER,Consumer Durables,SELL,2.81,-0.9,-1.57,-9.62,29.3,Yes,-0.13,-0.0016447752933817167,48.0,2026-07-29 13:40:26,https://in.tradingview.com/chart/?symbol=NSE:AMBER,7411.5,44.84559810916848,-0.015737051792828693,-0.09615853658536588,0.29300418702023734,7588.08,7314.4475,7443.532905380967,7868.65334535845,Up
AMBUJACEM,Construction Materials,SELL,2.18,1.04,3.19,-5.12,-20.36,No,-1.15,-0.1658380762419365,13.0,2026-07-29 13:40:26,https://in.tradingview.com/chart/?symbol=NSE:AMBUJACEM,435.3,52.9213693535343,0.03188337086642168,-0.05122057541412384,-0.20362239297475304,429.962,490.59124999999995,431.0224873918249,412.65106228734373,Up
ANANDRATHI,Financial Services,HOLD,-0.14,-2.15,2.95,13.72,35.29,Yes,2.05,0.29074553826494576,88.0,2026-07-29 13:40:26,https://in.tradingview.com/chart/?symbol=NSE:ANANDRATHI,2035.0,54.0231145276208,0.029493600445186452,0.1371573859350117,0.3529235781005884,1916.1230000000003,1654.4192499999997,2053.7453835092365,1945.9493068222405,Up
ANANTRAJ,Realty,HOLD,0.57,-0.48,17.68,24.4,14.08,Yes,0.96,0.12667263177011862,71.0,2026-07-29 13:40:26,https://in.tradingview.com/chart/?symbol=NSE:ANANTRAJ,613.4,63.17145799209043,0.1767865707434053,0.243966741026161,0.14078482425144112,548.0429999999999,546.9020000000003,600.8173587069791,560.5084392374388,Up
ANGELONE,Financial Services,SELL,-0.03,-3.17,-8.51,-5.25,17.86,Yes,0.11,0.08047557753542364,63.0,2026-07-29 13:40:26,https://in.tradingview.com/chart/?symbol=NSE:ANGELONE,302.5,33.67954621774761,-0.0851353394828368,-0.052526075108841996,0.17860204161147042,334.53100000000006,279.02450000000005,311.9767216973158,331.6652336004237,Up
ANUP,Capital Goods,SELL,-1.44,-0.04,-10.47,-3.91,11.29,Yes,-0.22,-0.06346256251960636,34.0,2026-07-29 13:40:26,https://in.tradingview.com/chart/?symbol=NSE:ANUP,2087.1,42.570682980025744,-0.10474842362630299,-0.039132636618940175,0.11294192929131341,2090.9240000000004,2054.6969999999988,2126.6629815724646,2298.7270225823995,Up
ANURAS,Chemicals,SELL,-0.33,-2.94,-3.95,-7.3,-2.03,No,-0.69,-0.0025690751066586703,48.0,2026-07-29 13:40:26,https://in.tradingview.com/chart/?symbol=NSE:ANURAS,1214.4,28.300658359548112,-0.03954444795950651,-0.0729770992366412,-0.02025010084711565,1286.7839999999997,1257.768000000001,1238.202057624008,1289.6927816335474,Up
APARINDS,Capital Goods,SELL,2.63,1.5,-11.85,16.63,91.77,Yes,1.55,0.4712854873866197,96.0,2026-07-29 13:40:26,https://in.tradingview.com/chart/?symbol=NSE:APARINDS,13835.0,47.073498568403906,-0.11850907932462573,0.1663294554038104,0.917665811906577,14225.06,10701.010000000002,13810.575054984536,15356.017996393373,Up
APLAPOLLO,Capital Goods,SELL,1.25,2.57,4.53,-5.37,-5.37,No,-0.52,0.0021395981803739895,49.0,2026-07-29 13:40:26,https://in.tradingview.com/chart/?symbol=NSE:APLAPOLLO,1869.8,61.060886136591265,0.045340191200313074,-0.05374493927125512,-0.05374493927125512,1823.4280000000003,1902.7424999999994,1836.7000538990021,1893.5362587370466,Up
APLLTD,Healthcare,HOLD,-0.84,-0.03,-1.31,6.92,5.53,Yes,0.04,-0.02906557600074565,42.0,2026-07-29 13:40:26,https://in.tradingview.com/chart/?symbol=NSE:APLLTD,811.95,51.153081660058675,-0.013126709206927933,0.06919936792204373,0.0553028333766572,782.3489999999999,803.0707500000008,815.9820003963846,778.5758644519642,Up
APOLLOHOSP,Healthcare,HOLD,0.36,-0.03,2.91,15.25,31.46,Yes,2.12,0.1932632563137061,80.0,2026-07-29 13:40:26,https://in.tradingview.com/chart/?symbol=NSE:APOLLOHOSP,8935.0,62.01503032158614,0.029140750979037122,0.15245711337546752,0.3145505370016184,8575.210000000003,7741.9175,8880.88898247861,8588.780311742536,Up
APOLLOTYRE,Automobile and Auto Components,SELL,0.06,-0.59,-1.42,0.11,-15.83,No,-0.52,-0.07832150056187724,31.0,2026-07-29 13:40:26,https://in.tradingview.com/chart/?symbol=NSE:APOLLOTYRE,424.1,47.96601977235435,-0.014179451417945077,0.0010621975687479246,-0.15828123449439313,415.0640000000001,460.61025000000006,425.35126565355307,446.8514615513882,Up
APTUS,Financial Services,SELL,0.2,-4.34,1.08,8.89,6.3,Yes,0.22,-0.012977704771540255,45.0,2026-07-29 13:40:26,https://in.tradingview.com/chart/?symbol=NSE:APTUS,281.85,48.48411672418203,0.01075847229693383,0.08893868562376861,0.06298321704695464,274.402,268.57274999999987,285.8035174814987,303.3741175481683,Up
ARE&M,Automobile and Auto Components,HOLD,2.44,-2.13,4.86,-1.67,3.31,Yes,-0.29,-0.046868517267792995,37.0,2026-07-29 13:40:26,https://in.tradingview.com/chart/?symbol=NSE:ARE&M,882.9,53.206794545673674,0.048637092463923004,-0.016650888233001093,0.03305446674077106,859.1390000000002,876.5962500000003,881.3197398888605,846.3638218845889,Up
ARVIND,Textiles,SELL,1.17,-0.96,-11.88,31.56,71.08,Yes,2.03,0.5088701635102849,96.0,2026-07-29 13:40:26,https://in.tradingview.com/chart/?symbol=NSE:ARVIND,517.35,46.66388025011776,-0.11880429228410827,0.3155753337571521,0.7108134920634923,516.8449999999999,388.48950000000013,523.0237249612635,564.8976707251854,Up
ARVINDFASN,Consumer Services,SELL,-1.1,-5.04,-4.24,1.47,0.34,No,-0.09,-0.03387135832630099,40.0,2026-07-29 13:40:26,https://in.tradingview.com/chart/?symbol=NSE:ARVINDFASN,451.0,38.61809925664949,-0.04236118483915485,0.01473731578355264,0.0034486594726887976,465.5280000000001,470.53399999999965,463.50653581648265,438.3542397719362,Up
ASAHIINDIA,Automobile and Auto Components,SELL,0.64,-1.16,3.06,1.11,-8.85,No,-0.12,-0.016373460722716216,45.0,2026-07-29 13:40:26,https://in.tradingview.com/chart/?symbol=NSE:ASAHIINDIA,876.2,47.82468767527676,0.030581039755351647,0.011136114476948844,-0.0885259544367002,880.0050000000001,913.45675,882.1301915460505,936.3938902828404,Up
ASHOKA,Construction,SELL,0.77,1.0,-5.28,-9.66,-14.44,No,-1.16,-0.21723633651025603,6.0,2026-07-29 13:40:26,https://in.tradingview.com/chart/?symbol=NSE:ASHOKA,123.67,44.35800216541887,-0.052772671568627416,-0.09663988312636962,-0.14438909644389086,126.61480000000002,147.86840000000007,123.74843772918726,129.71581456784028,Up
ASHOKLEY,Capital Goods,SELL,0.29,3.59,0.16,-5.71,-16.99,No,-0.17,0.028227819385959155,54.0,2026-07-29 13:40:26,https://in.tradingview.com/chart/?symbol=NSE:ASHOKLEY,157.96,53.538468200031595,0.0016487000634115567,-0.05706781279847184,-0.16985495059911704,154.96820000000002,166.49819999999985,155.340263357747,161.31115797824086,Up
ASIANPAINT,Consumer Durables,HOLD,0.81,2.44,4.66,12.01,2.02,Yes,0.95,0.10459944981600344,68.0,2026-07-29 13:40:26,https://in.tradingview.com/chart/?symbol=NSE:ASIANPAINT,2758.4,61.69178109391601,0.04655309784876893,0.1201169495654999,0.020193801316665372,2683.638000000001,2582.1800000000007,2705.0194369321744,2633.2882035684215,Up
ASKAUTOLTD,Automobile and Auto Components,HOLD,-0.99,6.93,15.51,15.58,19.15,Yes,0.92,0.1031037661859908,67.0,2026-07-29 13:40:26,https://in.tradingview.com/chart/?symbol=NSE:ASKAUTOLTD,518.95,71.55107626632729,0.155147468002226,0.1557906458797329,0.19148203420962018,461.9109999999999,456.61249999999995,503.47940886200473,480.97001966231585,Up
ASTERDM,Healthcare,BUY,0.6,2.36,4.32,16.03,42.0,Yes,1.58,0.252550795702283,85.0,2026-07-29 13:40:26,https://in.tradingview.com/chart/?symbol=NSE:ASTERDM,818.35,58.810141968226674,0.043214991395245095,0.1602864029490998,0.42000694082942935,782.001,684.0790000000001,806.1312481932996,758.943700254644,Up
ASTRAL,Capital Goods,SELL,0.33,3.18,10.53,-4.69,4.47,No,-0.23,-0.009017769348616624,46.0,2026-07-29 13:40:26,https://in.tradingview.com/chart/?symbol=NSE:ASTRAL,1476.3,59.802448971244125,0.10534591194968557,-0.04687197365872564,0.0446504387206339,1464.028,1502.4359999999992,1440.1034586974256,1366.0992205618038,Up
ASTRAMICRO,Capital Goods,BUY,4.09,0.95,0.69,61.8,93.33,Yes,2.97,0.7175028034788906,98.0,2026-07-29 13:40:26,https://in.tradingview.com/chart/?symbol=NSE:ASTRAMICRO,1773.8,57.07729728104697,0.006925522252497762,0.6179877770683206,0.9332970027247955,1584.7320000000004,1141.18275,1763.074584219078,1666.5439311382452,Up
ASTRAZEN,Healthcare,SELL,1.58,2.09,-0.33,-3.15,-1.77,No,-0.66,-0.060559288409034975,35.0,2026-07-29 13:40:26,https://in.tradingview.com/chart/?symbol=NSE:ASTRAZEN,8199.0,50.76167906063113,-0.0033428554063088534,-0.03148071584667178,-0.017730921289085932,8353.16,8649.077500000005,8098.0679562047135,8464.369834010673,Up
ATGL,Oil Gas & Consumable Fuels,SELL,1.6,-3.77,-10.34,0.31,19.69,Yes,0.25,0.05053160098912027,59.0,2026-07-29 13:40:26,https://in.tradingview.com/chart/?symbol=NSE:ATGL,655.9,36.51063587126769,-0.10341056660515346,0.0031352756748488364,0.196897810218978,709.3290000000001,609.6797499999997,671.2115201435392,716.8367432501576,Up
ATHERENERG,Automobile and Auto Components,BUY,3.67,-1.74,9.25,33.82,97.28,Yes,2.5,0.9950099468481429,99.0,2026-07-29 13:40:26,https://in.tradingview.com/chart/?symbol=NSE:ATHERENERG,1246.1,60.44438413752109,0.09254307132523776,0.3382376631047628,0.9727697300720335,1081.996,815.9582500000002,1232.358961986376,1146.960940545878,Up
ATUL,Chemicals,HOLD,2.23,10.77,5.17,-0.82,17.77,Yes,0.17,0.0579857809717538,60.0,2026-07-29 13:40:26,https://in.tradingview.com/chart/?symbol=NSE:ATUL,6798.5,63.38639903546956,0.0516667955758372,-0.008242159008023386,0.17773928107405812,6548.799999999997,6301.457500000001,6475.966940808487,6193.18202956131,Up
AUBANK,Financial Services,HOLD,-0.52,6.34,0.51,1.91,4.17,Yes,0.46,0.13486305442724722,73.0,2026-07-29 13:40:26,https://in.tradingview.com/chart/?symbol=NSE:AUBANK,1042.3,54.02049967455259,0.005062436719541097,0.019065310911223987,0.04172705012243272,1014.8410000000001,965.62775,1027.2703506697344,974.689130554523,Up
AURIONPRO,Information Technology,SELL,-0.5,-11.54,-14.64,-16.2,-22.95,No,-1.19,-0.2939244336807319,2.0,2026-07-29 13:40:26,https://in.tradingview.com/chart/?symbol=NSE:AURIONPRO,731.7,30.94210593092735,-0.14640690620625296,-0.16204764086120016,-0.22946503791069917,828.3210000000001,947.6739999999999,798.808338010635,829.9877451651223,Up
AUROPHARMA,Healthcare,BUY,2.68,3.72,0.76,11.82,38.89,Yes,1.61,0.29356895357535334,89.0,2026-07-29 13:40:26,https://in.tradingview.com/chart/?symbol=NSE:AUROPHARMA,1590.7,59.926574315686636,0.00760119085323363,0.11816392520736696,0.3888937396315377,1510.3820000000005,1303.8474999999992,1555.2082583259387,1497.7376145404676,Up
AVALON,Capital Goods,HOLD,2.63,-3.48,-6.59,62.47,99.44,Yes,2.41,0.7125366514887428,98.0,2026-07-29 13:40:26,https://in.tradingview.com/chart/?symbol=NSE:AVALON,1683.1,48.18389464208267,-0.06593040679282991,0.6246923114049905,0.9944306197416755,1661.4039999999995,1173.2132499999998,1708.9592788588052,1587.8409729529856,Up
AVANTIFEED,Fast Moving Consumer Goods,SELL,-1.18,-4.66,1.53,-33.08,21.67,No,-1.07,0.039434641319409325,56.0,2026-07-29 13:40:26,https://in.tradingview.com/chart/?symbol=NSE:AVANTIFEED,946.7,41.01386068705222,0.015336765336765312,-0.3307648805315989,0.2166816604549544,1045.139,1021.97625,971.8021211252814,1037.2636490364332,Up
AWFIS,Services,SELL,-0.2,-0.99,-6.98,-21.08,-31.86,No,-1.82,-0.3698062017270683,1.0,2026-07-29 13:40:26,https://in.tradingview.com/chart/?symbol=NSE:AWFIS,281.3,40.944159887880424,-0.06977513227513221,-0.21076258346894117,-0.31855620155038755,304.7289999999999,397.21829999999994,284.3558620698728,303.2876107794168,Up
AWL,Fast Moving Consumer Goods,SELL,2.01,0.01,3.43,-7.32,-9.58,No,-1.23,-0.16690423733979012,13.0,2026-07-29 13:40:26,https://in.tradingview.com/chart/?symbol=NSE:AWL,189.91,52.325918385415534,0.034311856652687656,-0.07320286955248645,-0.09579583868971098,189.27560000000008,214.36484999999993,188.5553652025045,196.94842737830268,Up
AXISBANK,Financial Services,SELL,0.97,-0.24,-8.2,-4.16,-4.59,No,-0.45,-0.0014154405355818432,49.0,2026-07-29 13:40:26,https://in.tradingview.com/chart/?symbol=NSE:AXISBANK,1235.4,35.24867707467586,-0.08196477669614322,-0.041582622187742335,-0.04587581093605175,1304.6620000000005,1284.2434999999996,1247.4541384153524,1300.1065232806304,Up
AZAD,Capital Goods,BUY,-0.25,2.94,16.54,8.82,70.36,Yes,1.22,0.3596169574880952,91.0,2026-07-29 13:40:26,https://in.tradingview.com/chart/?symbol=NSE:AZAD,2395.2,58.14517596704875,0.1653773171799735,0.08823262153566547,0.703556187766714,2185.41,1805.342,2385.545196321798,2169.75741672633,Up
BAJAJ-AUTO,Automobile and Auto Components,HOLD,-0.32,3.09,16.69,19.4,21.0,Yes,1.71,0.2370377495593616,83.0,2026-07-29 13:40:26,https://in.tradingview.com/chart/?symbol=NSE:BAJAJ-AUTO,11338.0,71.50337635010334,0.16694112803622896,0.1940392817650467,0.21003201707577368,10315.960000000001,9609.2775,11009.40572147093,10744.534409176656,Up
BAJAJELEC,Consumer Durables,SELL,1.07,0.12,3.46,-16.95,-15.93,No,-2.07,-0.27897379433816905,2.0,2026-07-29 13:40:26,https://in.tradingview.com/chart/?symbol=NSE:BAJAJELEC,330.55,51.01991851368257,0.03458528951486706,-0.16947236180904524,-0.15933367243133256,325.27400000000017,407.655,329.57158939986357,338.5665788061078,Up
BAJAJFINSV,Financial Services,HOLD,-0.05,2.7,8.25,8.32,-3.32,Yes,0.16,-0.008035363160030465,47.0,2026-07-29 13:40:26,https://in.tradingview.com/chart/?symbol=NSE:BAJAJFINSV,1927.0,62.8392096619979,0.08246264464666897,0.08319280494659931,-0.03316441723947616,1803.8480000000002,1916.6439999999998,1898.4234088550834,1817.9209675932264,Up
BAJAJHFL,Financial Services,SELL,2.3,2.54,0.15,-1.95,-3.22,No,-0.96,-0.11153991466725194,23.0,2026-07-29 13:40:26,https://in.tradingview.com/chart/?symbol=NSE:BAJAJHFL,87.63,55.00410754973006,0.0014857142857143124,-0.019469620678080002,-0.03224737713970183,85.906,91.85165,86.1206135576554,88.7478788971173,Up
BAJAJHLDNG,Financial Services,SELL,1.09,5.03,3.26,6.86,1.99,Yes,0.02,-0.04057298625788843,38.0,2026-07-29 13:40:26,https://in.tradingview.com/chart/?symbol=NSE:BAJAJHLDNG,10949.0,61.265211688081976,0.03263227388474954,0.06855999609622798,0.019934792734047413,10501.8,10863.215000000004,10702.39228996052,11137.300107307621,Up
BAJFINANCE,Financial Services,HOLD,0.57,-0.56,4.94,14.16,11.83,Yes,0.88,0.0967183139479749,66.0,2026-07-29 13:40:26,https://in.tradingview.com/chart/?symbol=NSE:BAJFINANCE,1054.4,60.23767346217519,0.0494152774321972,0.141557949439723,0.11831150235986643,972.1479999999999,971.7392499999995,1044.0730222093778,1001.0536478944603,Up
BALAMINES,Chemicals,HOLD,1.33,-4.58,11.57,71.32,87.66,Yes,2.03,0.6441099886971655,97.0,2026-07-29 13:40:26,https://in.tradingview.com/chart/?symbol=NSE:BALAMINES,2271.4,53.16492014047634,0.11567365784174077,0.7132297480766332,0.8765697290152015,2116.432,1426.4902499999996,2280.1580127513184,2057.549459225359,Up
BALKRISIND,Automobile and Auto Components,SELL,3.4,3.33,-4.53,-4.91,-14.21,No,-0.68,-0.11787546119229315,21.0,2026-07-29 13:40:26,https://in.tradingview.com/chart/?symbol=NSE:BALKRISIND,2081.7,45.911185656167405,-0.04526692350027528,-0.04914812953912229,-0.14209767154337527,2155.634,2281.5214999999994,2055.748129583054,2181.3512775561653,Up
BALRAMCHIN,Fast Moving Consumer Goods,BUY,0.17,-2.95,9.25,19.19,50.17,Yes,1.59,0.2335925006305966,83.0,2026-07-29 13:40:26,https://in.tradingview.com/chart/?symbol=NSE:BALRAMCHIN,606.3,60.95666413994423,0.09253085863591304,0.19186160802044427,0.5016718266253868,559.587,489.43800000000005,605.7215118284261,568.4341086601204,Up
BALUFORGE,Capital Goods,SELL,-1.03,3.08,-5.42,-11.43,10.7,No,-0.66,-0.1488489670298726,15.0,2026-07-29 13:40:26,https://in.tradingview.com/chart/?symbol=NSE:BALUFORGE,441.3,45.34450317466523,-0.05422203171881701,-0.11430005017561462,0.10698607801329496,457.72900000000016,512.8334999999996,441.6056152158974,470.91291665961336,Up
BANCOINDIA,Automobile and Auto Components,SELL,0.88,-1.16,-6.34,0.36,8.9,No,0.0,-0.02008852151295173,44.0,2026-07-29 13:40:26,https://in.tradingview.com/chart/?symbol=NSE:BANCOINDIA,627.85,41.995324105938316,-0.06339971656597299,0.0035965473145780358,0.08897753880842951,653.027,656.5827500000001,632.6970677260061,659.1024766808962,Up
BANDHANBNK,Financial Services,SELL,2.81,0.05,-14.99,-2.84,21.84,Yes,0.18,0.03196837741635866,55.0,2026-07-29 13:40:26,https://in.tradingview.com/chart/?symbol=NSE:BANDHANBNK,173.58,35.34434792226482,-0.14986776373787836,-0.02837951301427366,0.21844728344798536,201.03839999999997,171.93140000000005,180.46239292761047,190.39727074870402,Up
BANKBARODA,Financial Services,SELL,1.73,-0.98,-10.66,-9.14,-20.29,No,-0.99,-0.09705057422141808,26.0,2026-07-29 13:40:26,https://in.tradingview.com/chart/?symbol=NSE:BANKBARODA,243.35,40.56786575298196,-0.10664464023494857,-0.09140126199454879,-0.20291516541107113,262.03600000000006,279.0563,245.02680231589824,259.43675003735865,Up
BANKINDIA,Financial Services,SELL,0.98,-4.4,-1.96,-4.58,-17.29,No,-0.3,-0.001449963125774098,48.0,2026-07-29 13:40:26,https://in.tradingview.com/chart/?symbol=NSE:BANKINDIA,137.65,42.46453835269895,-0.019586894586894554,-0.04575389948006925,-0.17287585626727542,142.6134,146.76975000000002,140.54524368968367,148.11771401252216,Up
BASF,Chemicals,SELL,1.1,-0.63,3.81,2.46,2.54,No,-0.27,-0.07117311477883066,33.0,2026-07-29 13:40:26,https://in.tradingview.com/chart/?symbol=NSE:BASF,3741.0,55.67113659203702,0.0380709251345801,0.02456659272040085,0.025437201907790197,3556.9040000000005,3791.942499999998,3711.8382801881153,3484.867895336493,Up
BATAINDIA,Consumer Durables,SELL,0.49,0.57,2.11,-3.74,-20.23,No,-1.14,-0.2201419327847121,5.0,2026-07-29 13:40:26,https://in.tradingview.com/chart/?symbol=NSE:BATAINDIA,698.35,52.46088932101427,0.021054170626507718,-0.037422467263955816,-0.20234151913192455,689.3850000000001,833.3389999999999,693.172982667709,736.4389382396198,Up
BAYERCROP,Chemicals,SELL,0.68,-0.88,2.46,-7.65,-2.69,No,-1.42,-0.1312558458822475,19.0,2026-07-29 13:40:26,https://in.tradingview.com/chart/?symbol=NSE:BAYERCROP,4248.3,51.98651291458362,0.02455082599782954,-0.07653682288496644,-0.02689144925212439,4261.052,4531.578000000001,4235.186595530932,4138.8997949384675,Up
BBL,Capital Goods,SELL,1.85,0.63,-10.92,-19.25,2.61,No,-1.19,-0.14942402515324327,15.0,2026-07-29 13:40:26,https://in.tradingview.com/chart/?symbol=NSE:BBL,2570.0,40.95896012490088,-0.10915456341640961,-0.19245875883739194,0.026070986545294828,2737.4579999999996,2728.7835,2583.3226254448923,2709.542291828824,Up
BBTC,Fast Moving Consumer Goods,SELL,0.56,0.23,-2.29,0.15,-15.76,No,-0.78,-0.13175042782639407,18.0,2026-07-29 13:40:26,https://in.tradingview.com/chart/?symbol=NSE:BBTC,1500.0,48.172962547114665,-0.022928608650338744,0.0015356880550176921,-0.15758733011344483,1519.426,1683.8,1491.8903157361315,1533.1052008946674,Up
BDL,Capital Goods,SELL,-0.72,0.98,-7.79,-9.66,-13.05,No,-0.91,-0.15418948300907132,15.0,2026-07-29 13:40:26,https://in.tradingview.com/chart/?symbol=NSE:BDL,1261.8,43.67625938457328,-0.07790119847997667,-0.09658480704517802,-0.13051267916207288,1288.9500000000005,1376.7404999999999,1264.5657548681106,1333.8341990814934,Up
BECTORFOOD,Fast Moving Consumer Goods,HOLD,2.92,4.45,20.58,9.89,-1.93,Yes,0.05,-0.06299735437616792,34.0,2026-07-29 13:40:26,https://in.tradingview.com/chart/?symbol=NSE:BECTORFOOD,216.29,67.88693043878328,0.20583152143613748,0.09892287369169805,-0.01931534799365231,183.20520000000005,215.1789500000001,204.85963270361736,185.02979982653466,Up
BEL,Capital Goods,SELL,-0.37,-4.72,-5.89,-11.06,-7.13,No,-1.19,-0.07914085431086415,31.0,2026-07-29 13:40:26,https://in.tradingview.com/chart/?symbol=NSE:BEL,387.55,31.242038605694347,-0.058887809616318565,-0.11061388410786,-0.0712916367121974,412.10200000000003,420.52000000000004,400.76676572874896,408.54346309701225,Up
BELRISE,Automobile and Auto Components,SELL,0.63,-0.79,-3.4,6.85,39.66,Yes,1.24,0.3819242688427156,92.0,2026-07-29 13:40:26,https://in.tradingview.com/chart/?symbol=NSE:BELRISE,230.47,49.34368763909071,-0.03395229911556352,0.0684747334260547,0.3966185916858562,228.6722,190.8494500000001,230.94984803404935,248.83175486590466,Up
BEML,Capital Goods,SELL,1.26,2.59,1.19,-3.29,5.87,No,-0.34,-0.07638148572032127,31.0,2026-07-29 13:40:26,https://in.tradingview.com/chart/?symbol=NSE:BEML,1781.4,49.27595608236765,0.01192910702113159,-0.03289902280130286,0.058718649708784154,1787.1980000000003,1801.5194999999994,1771.718941793082,1853.278233111556,Up
BERGEPAINT,Consumer Durables,SELL,4.15,4.75,1.95,13.09,2.41,Yes,0.4,0.03285513343684473,55.0,2026-07-29 13:40:26,https://in.tradingview.com/chart/?symbol=NSE:BERGEPAINT,520.05,57.949938997408225,0.019505979219760716,0.13091225399586803,0.024123670736510228,508.9970000000001,502.22675000000004,503.1476065282902,533.7050864286715,Up
BHARATFORG,Automobile and Auto Components,BUY,0.41,-0.64,1.28,14.6,51.69,Yes,2.11,0.46683510018871344,95.0,2026-07-29 13:40:26,https://in.tradingview.com/chart/?symbol=NSE:BHARATFORG,2171.5,57.55807048067024,0.012779254698941367,0.14603124340299778,0.5169402724414949,2052.636,1693.365,2166.885864024085,2044.035210996048,Up
BHARTIARTL,Telecommunication,SELL,2.54,0.06,5.3,5.77,-2.6,No,0.08,0.013052078020018953,51.0,2026-07-29 13:40:26,https://in.tradingview.com/chart/?symbol=NSE:BHARTIARTL,1950.2,58.8973982190157,0.053023758099352,0.05770690964312841,-0.025971431425432012,1877.8019999999997,1951.7489999999996,1922.939572339706,1855.5817018303278,Up
BHARTIHEXA,Telecommunication,HOLD,3.11,1.18,11.56,9.6,1.84,Yes,0.31,0.006174381209458749,50.0,2026-07-29 13:40:26,https://in.tradingview.com/chart/?symbol=NSE:BHARTIHEXA,1654.5,64.27113899111568,0.11564396493594065,0.095985691573927,0.018404530345931258,1531.372,1634.127999999999,1618.1955774818625,1517.987405466919,Up
BHEL,Capital Goods,HOLD,-0.15,-2.71,-2.16,14.22,61.06,Yes,1.66,0.4426009792021802,95.0,2026-07-29 13:40:26,https://in.tradingview.com/chart/?symbol=NSE:BHEL,405.15,49.67703128110921,-0.021613136923448573,0.14220067097065203,0.6106141920095407,402.83600000000007,310.9480000000002,410.79296666793573,388.4204354509676,Up
BIKAJI,Fast Moving Consumer Goods,SELL,1.36,1.0,-1.25,-4.48,-4.47,No,-0.91,-0.08039310974979844,30.0,2026-07-29 13:40:26,https://in.tradingview.com/chart/?symbol=NSE:BIKAJI,642.6,49.20919709529254,-0.01252401075681897,-0.0448160535117057,-0.04474505723205002,651.2120000000001,675.5199999999998,638.3273747878065,670.5527489330885,Up
BIOCON,Healthcare,HOLD,-0.31,-1.56,3.06,18.83,15.58,Yes,1.38,0.1604374998761059,76.0,2026-07-29 13:40:26,https://in.tradingview.com/chart/?symbol=NSE:BIOCON,431.1,53.668092566202134,0.03060004781257475,0.188257993384785,0.15576407506702417,423.07599999999996,389.81275000000016,433.10395935857275,404.05796866463373,Up
BIRLACORPN,Construction Materials,SELL,1.53,-10.48,-9.5,-3.52,-15.35,No,-0.8,-0.16718913412245062,12.0,2026-07-29 13:40:26,https://in.tradingview.com/chart/?symbol=NSE:BIRLACORPN,889.15,33.55823661290045,-0.09501272264631044,-0.03521050347222232,-0.15351294744859112,979.649,1024.9397500000005,939.6545073840147,980.0802379047063,Up
BLACKBUCK,Services,SELL,-3.64,-6.32,-1.37,-9.99,-5.84,No,-0.7,-0.0666299701677967,34.0,2026-07-29 13:40:26,https://in.tradingview.com/chart/?symbol=NSE:BLACKBUCK,523.55,35.906451882010245,-0.013658628485305191,-0.09988824894696124,-0.0583633093525181,544.8349999999999,602.3352499999999,548.5942284994071,596.9814253315328,Up
BLS,Consumer Services,SELL,2.63,4.9,-3.47,-13.39,-14.87,No,-1.3,-0.2070905068052349,7.0,2026-07-29 13:40:26,https://in.tradingview.com/chart/?symbol=NSE:BLS,241.9,48.684039028901275,-0.03471667996807659,-0.13387518350102046,-0.148689072672884,253.09500000000003,283.61499999999984,236.77981242352632,250.8023694389953,Up
BLUEDART,Services,SELL,-0.09,5.97,4.81,-5.7,-4.28,No,-0.8,-0.09815143527112292,26.0,2026-07-29 13:40:26,https://in.tradingview.com/chart/?symbol=NSE:BLUEDART,5099.0,61.79005799313716,0.04814175300115098,-0.05696319585722209,-0.04280082598085222,4864.453999999999,5357.1065,4983.229545855327,4855.169992550656,Up
BLUEJET,Healthcare,HOLD,5.39,2.96,14.77,35.92,32.9,Yes,1.07,0.11109929444167549,70.0,2026-07-29 13:40:26,https://in.tradingview.com/chart/?symbol=NSE:BLUEJET,602.75,63.09309209413218,0.14765803503427266,0.3592287743826812,0.3289604233270862,524.513,495.77149999999983,583.3876030475313,541.6233840944026,Up
BLUESTARCO,Consumer Durables,SELL,2.42,1.46,3.48,-10.92,-1.42,No,-0.9,-0.08964960665579264,28.0,2026-07-29 13:40:26,https://in.tradingview.com/chart/?symbol=NSE:BLUESTARCO,1685.0,54.13599305384427,0.034821593072529744,-0.10921970818354831,-0.014216345872579361,1639.0720000000001,1770.277,1665.6366466623404,1621.568289996473,Up
BORORENEW,Capital Goods,SELL,0.47,-2.86,-4.51,12.08,9.83,Yes,0.41,0.02029789277203443,53.0,2026-07-29 13:40:26,https://in.tradingview.com/chart/?symbol=NSE:BORORENEW,575.1,43.20122021031773,-0.0450809464508094,0.12083414539076198,0.09825264967058156,572.2390000000001,540.8867499999999,587.3245802424948,633.843359537501,Up
BOSCH-HCIL,Consumer Durables,SELL,-0.58,0.44,-2.66,-7.87,-4.67,No,-0.84,-0.1356234616999869,17.0,2026-07-29 13:40:26,https://in.tradingview.com/chart/?symbol=NSE:BOSCH-HCIL,1326.0,45.55581151240736,-0.026574658640434623,-0.07865480822679272,-0.04672897196261683,1353.658,1437.6295000000011,1329.9759858917473,1412.7157993954495,Up
BOSCHLTD,Automobile and Auto Components,HOLD,-0.59,-1.19,2.92,10.03,15.0,Yes,0.78,0.09397296292948872,65.0,2026-07-29 13:40:26,https://in.tradingview.com/chart/?symbol=NSE:BOSCHLTD,41065.0,52.353089032594376,0.02919799498746878,0.10034833869239024,0.1499579949593952,39498.9,36929.325,41354.556115187836,39553.08305733304,Up
BPCL,Oil Gas & Consumable Fuels,SELL,-0.83,1.08,4.56,3.14,-10.38,No,-0.14,-0.03569328058482915,40.0,2026-07-29 13:40:26,https://in.tradingview.com/chart/?symbol=NSE:BPCL,317.4,56.631188315566845,0.04562675012353812,0.031356620633631094,-0.10376958915713685,305.327,334.03074999999995,314.9793873319509,297.7897615119666,Up
BRIGADE,Realty,SELL,0.72,3.49,12.7,-6.04,-3.52,No,-0.68,-0.14119178435206775,17.0,2026-07-29 13:40:26,https://in.tradingview.com/chart/?symbol=NSE:BRIGADE,564.25,57.18433774819647,0.1270348546889044,-0.060350713583906535,-0.03522270667692573,522.7982,591.20115,550.6414155900386,507.53916677552877,Up
BRITANNIA,Fast Moving Consumer Goods,SELL,0.71,0.58,7.21,-2.55,-6.99,No,-0.75,-0.04831049025643626,37.0,2026-07-29 13:40:26,https://in.tradingview.com/chart/?symbol=NSE:BRITANNIA,5517.5,62.4227257838018,0.07208782667832514,-0.02552101730837164,-0.06987525286581253,5286.26,5711.4075,5433.962133027291,5255.708181606492,Up
BSE,Financial Services,SELL,2.42,-2.5,-8.39,-2.34,30.75,Yes,0.53,0.21776956686226334,81.0,2026-07-29 13:40:26,https://in.tradingview.com/chart/?symbol=NSE:BSE,3541.4,37.30604052172997,-0.08386796357615889,-0.023358429166321915,0.30746511112751973,3899.4979999999996,3142.7530000000024,3580.915072626661,3791.511409141874,Up
BSOFT,Information Technology,SELL,3.75,10.12,8.68,-16.13,-25.1,No,-1.22,-0.1880947176138588,9.0,2026-07-29 13:40:26,https://in.tradingview.com/chart/?symbol=NSE:BSOFT,311.15,60.04502180372255,0.08679706601466974,-0.16132075471698115,-0.25096292729898895,305.82600000000014,368.5972499999998,293.58026350067814,277.2661864635954,Up
CAMPUS,Consumer Durables,SELL,3.24,0.92,-5.05,-10.73,-12.34,No,-1.34,-0.15760163957861104,14.0,2026-07-29 13:40:26,https://in.tradingview.com/chart/?symbol=NSE:CAMPUS,223.37,45.15827430419517,-0.050499468650371915,-0.1073412460536306,-0.12335164835164836,234.3772,252.52399999999997,221.81586369502165,236.32805443666905,Up
CAMS,Financial Services,SELL,-0.99,2.51,-0.56,4.2,11.96,Yes,0.25,0.03373642768463002,56.0,2026-07-29 13:40:26,https://in.tradingview.com/chart/?symbol=NSE:CAMS,792.4,55.099067483481505,-0.00558448892514285,0.04201459662042195,0.11960438007771113,777.5050000000002,746.5212999999999,779.1304835098172,804.9639637786862,Up
CANBK,Financial Services,SELL,0.39,-1.38,-0.64,-9.03,-19.37,No,-0.8,-0.0559789741851124,35.0,2026-07-29 13:40:26,https://in.tradingview.com/chart/?symbol=NSE:CANBK,124.72,44.23077583839265,-0.006373486297004405,-0.0902990517870167,-0.19369019912076546,129.1806,139.21819999999997,125.78998635011598,131.75739980352355,Up
CANFINHOME,Financial Services,SELL,0.85,0.51,-5.06,-6.71,-9.7,No,-0.65,-0.0483769100093495,37.0,2026-07-29 13:40:26,https://in.tradingview.com/chart/?symbol=NSE:CANFINHOME,824.0,38.1767568242731,-0.05063655740538053,-0.06713460885316425,-0.09698630136986297,860.3049999999997,872.88825,834.671425770908,883.1169600257429,Up
CAPLIPOINT,Healthcare,BUY,0.96,5.35,-0.49,50.86,50.53,Yes,2.41,0.41084762091457855,94.0,2026-07-29 13:40:26,https://in.tradingview.com/chart/?symbol=NSE:CAPLIPOINT,2613.2,57.21260312428037,-0.004874333587204904,0.5086017780856713,0.5052995391705069,2383.2500000000005,1964.4789999999998,2577.9097697061225,2401.0875009456454,Up
CARBORUNIV,Capital Goods,SELL,-0.52,-1.21,-10.37,9.07,29.59,Yes,0.8,0.14046614544854594,73.0,2026-07-29 13:40:26,https://in.tradingview.com/chart/?symbol=NSE:CARBORUNIV,1056.0,42.886946823145394,-0.10371753522322191,0.09074007126994776,0.29586452325438706,1087.6999999999996,920.5227500000001,1068.7631688732663,1171.3691551472232,Up
CARTRADE,Consumer Services,BUY,-3.61,1.64,6.04,71.7,12.65,Yes,1.89,0.43645429339763514,94.0,2026-07-29 13:40:26,https://in.tradingview.com/chart/?symbol=NSE:CARTRADE,2855.7,57.72145729725991,0.0604158930560712,0.7169913419913418,0.12646443927261242,2438.3060000000005,2374.713999999999,2826.9359027759147,2585.5056946034656,Up
CASTROLIND,Oil Gas & Consumable Fuels,SELL,0.48,-0.45,0.28,0.62,-0.59,No,-0.89,-0.045898989620571554,38.0,2026-07-29 13:40:26,https://in.tradingview.com/chart/?symbol=NSE:CASTROLIND,184.95,53.789400668604394,0.0028194979124869235,0.006202056471356299,-0.0058589550634272625,184.14920000000004,186.78514999999985,184.61716334161608,181.70067637521748,Up
CCAVENUE,Financial Services,SELL,0.79,-0.36,1.15,17.88,8.74,Yes,0.79,0.07348500165863485,62.0,2026-07-29 13:40:26,https://in.tradingview.com/chart/?symbol=NSE:CCAVENUE,16.68,52.243305564918884,0.011522134627046876,0.1787985865724382,0.08735332464146017,15.5018,16.354800000000004,16.743766613072168,16.086618798518852,Up
CCL,Fast Moving Consumer Goods,HOLD,0.66,-0.59,1.26,8.42,28.29,Yes,1.11,0.24779099817940153,84.0,2026-07-29 13:40:26,https://in.tradingview.com/chart/?symbol=NSE:CCL,1196.1,54.593292251900245,0.012614290551980822,0.08420957215373437,0.2828873277202766,1150.2440000000001,1038.1624999999997,1192.1947108493005,1124.3567552506365,Up
CDSL,Financial Services,SELL,0.36,0.77,3.41,1.92,-0.49,No,-0.25,-0.0690394425254644,34.0,2026-07-29 13:40:26,https://in.tradingview.com/chart/?symbol=NSE:CDSL,1350.0,50.59640224911166,0.03408655687476059,0.019175600181186914,-0.0048651039363113435,1303.2000000000003,1379.3165,1352.9955726887565,1420.5756817220656,Up
CEATLTD,Automobile and Auto Components,SELL,0.95,2.64,-1.4,-2.36,-8.16,No,-0.35,-0.07493059135686256,32.0,2026-07-29 13:40:26,https://in.tradingview.com/chart/?symbol=NSE:CEATLTD,3433.8,44.59940404628063,-0.01401251938207082,-0.02357323627264185,-0.0815769765700225,3446.4539999999997,3650.908499999999,3446.324581222457,3665.6710706556237,Up
CEIGALL,Construction,SELL,2.71,-1.64,-14.88,0.68,20.42,Yes,0.56,0.14617227541296807,74.0,2026-07-29 13:40:26,https://in.tradingview.com/chart/?symbol=NSE:CEIGALL,333.55,38.0397737615818,-0.14878142146229423,0.006791427709025077,0.20415162454873648,358.368,296.06649999999985,338.4267410688992,364.6117073387079,Up
CELLO,Consumer Durables,SELL,0.19,-1.16,-6.75,-17.59,-32.27,No,-2.57,-0.31003219505857915,1.0,2026-07-29 13:40:26,https://in.tradingview.com/chart/?symbol=NSE:CELLO,345.1,34.192198804631055,-0.06754931099702788,-0.1758805970149253,-0.3227357472279462,372.926,472.3982500000001,350.0564402812437,370.60402662117997,Up
CEMPRO,Construction,SELL,0.06,-15.97,3.3,97.28,108.86,Yes,2.52,0.8710978826582418,99.0,2026-07-29 13:40:26,https://in.tradingview.com/chart/?symbol=NSE:CEMPRO,1341.6,40.86420510664596,0.033033033033032844,0.9727961179325049,1.0885809916712073,1274.9580000000003,858.2662499999997,1450.0403559579418,1506.7554903618286,Up
CENTRALBK,Financial Services,SELL,0.97,0.03,-4.12,-13.51,-16.16,No,-1.34,-0.16315212873434676,13.0,2026-07-29 13:40:26,https://in.tradingview.com/chart/?symbol=NSE:CENTRALBK,31.19,43.70428481765111,-0.04119274515831539,-0.1350526899611758,-0.1615591397849463,31.8438,35.715400000000024,31.376019299167854,30.81391997257854,Up
CENTURYPLY,Consumer Durables,HOLD,-1.06,-0.02,4.52,-0.26,5.18,Yes,0.01,0.03336875029395383,56.0,2026-07-29 13:40:26,https://in.tradingview.com/chart/?symbol=NSE:CENTURYPLY,782.8,52.21804040005011,0.04519660858535279,-0.0026119640695675406,0.05179711118575736,767.082,766.0245000000002,787.008390758037,797.2657563093958,Up
CERA,Consumer Durables,SELL,-1.92,0.61,-4.78,17.51,22.1,Yes,0.83,0.09455668460431965,66.0,2026-07-29 13:40:26,https://in.tradingview.com/chart/?symbol=NSE:CERA,6143.0,49.07830794986448,-0.047818336820894314,0.17508655814220409,0.22102961637845353,6074.49,5511.7245,6158.840546341936,6015.594600765604,Up
CESC,Power,SELL,0.15,-0.19,-2.78,-14.19,14.41,No,-0.9,-0.06257081834759201,35.0,2026-07-29 13:40:26,https://in.tradingview.com/chart/?symbol=NSE:CESC,164.12,45.29747660269127,-0.02778271429417689,-0.14194594029382546,0.14409201812478223,170.5936,167.02870000000001,163.8448652993948,172.25654396589994,Up
CGCL,Financial Services,SELL,-0.73,-7.15,-0.49,22.43,34.34,Yes,1.46,0.24163493412249654,84.0,2026-07-29 13:40:26,https://in.tradingview.com/chart/?symbol=NSE:CGCL,226.55,41.42301091858132,-0.004875691821136674,0.2243298746217035,0.34339421252371927,221.09640000000005,191.82989999999998,239.1894699549867,253.49520168013822,Up
CGPOWER,Capital Goods,SELL,-1.73,-9.13,-12.88,-0.2,44.45,Yes,0.55,0.1563106302932881,75.0,2026-07-29 13:40:26,https://in.tradingview.com/chart/?symbol=NSE:CGPOWER,829.5,32.25375249655875,-0.12881373733130286,-0.0020452358036574525,0.44449281671745755,911.6840000000001,756.3852500000004,874.5018756791021,913.9303666320161,Up
CHALET,Consumer Services,HOLD,-0.74,1.88,2.82,6.7,-0.3,Yes,0.08,-0.01732744404002056,45.0,2026-07-29 13:40:26,https://in.tradingview.com/chart/?symbol=NSE:CHALET,837.9,53.6434791333239,0.028224322002699642,0.06698077167961292,-0.0029747739171822607,806.2109999999999,835.4262499999998,837.684642011196,800.8066695402106,Up
CHAMBLFERT,Chemicals,SELL,2.98,3.6,-3.53,0.66,5.81,No,-0.2,-0.037311390266953647,39.0,2026-07-29 13:40:26,https://in.tradingview.com/chart/?symbol=NSE:CHAMBLFERT,451.45,49.13887713274196,-0.03526017736937703,0.006577480490523868,0.058127270596507685,462.3799999999999,455.0680000000001,443.2048038115984,456.9232311405586,Up
CHENNPETRO,Oil Gas & Consumable Fuels,HOLD,2.69,-7.3,4.84,13.06,46.51,Yes,1.24,0.36733604230005124,92.0,2026-07-29 13:40:26,https://in.tradingview.com/chart/?symbol=NSE:CHENNPETRO,1212.3,53.94080112329875,0.0484303381475395,0.13056047747831756,0.46510363163937374,1142.356,981.8272499999998,1207.6263074434255,1140.5741603415504,Up
CHOICEIN,Financial Services,HOLD,0.45,-1.12,6.23,18.1,2.13,Yes,0.87,0.08195092859072224,63.0,2026-07-29 13:40:26,https://in.tradingview.com/chart/?symbol=NSE:CHOICEIN,800.1,57.74354496896867,0.06226765799256495,0.18104657170270855,0.02125215393452029,736.0969999999999,746.7944999999999,802.477955446678,768.2141695756422,Up
CHOLAFIN,Financial Services,SELL,2.85,4.33,0.73,17.35,8.35,Yes,0.92,0.13106931779278203,72.0,2026-07-29 13:40:26,https://in.tradingview.com/chart/?symbol=NSE:CHOLAFIN,1802.9,57.37564623220553,0.007319253547882543,0.17345743296016658,0.0834735576923078,1674.3039999999999,1653.7610000000009,1768.3337390536403,1830.348627530279,Up
CHOLAHLDNG,Financial Services,SELL,0.18,-0.62,-8.4,-2.15,-7.77,No,-0.51,-0.11720825407400656,22.0,2026-07-29 13:40:26,https://in.tradingview.com/chart/?symbol=NSE:CHOLAHLDNG,1517.7,36.30078215766413,-0.08401231214919425,-0.02153310553800525,-0.07766636280765726,1577.2459999999994,1698.1799999999994,1537.5341303360537,1629.368144127956,Up
CIEINDIA,Automobile and Auto Components,SELL,1.58,-12.22,-9.4,-11.68,1.26,No,-0.66,-0.05929924035832377,35.0,2026-07-29 13:40:26,https://in.tradingview.com/chart/?symbol=NSE:CIEINDIA,414.75,32.35306853227394,-0.09403669724770647,-0.1168015332197615,0.0125732421875,455.2039999999999,442.489,431.7896462074391,453.06058313179784,Up
CIPLA,Healthcare,HOLD,2.06,4.18,0.61,12.84,7.58,Yes,0.55,0.043833758934796026,58.0,2026-07-29 13:40:26,https://in.tradingview.com/chart/?symbol=NSE:CIPLA,1474.3,62.47787911593098,0.006073427050634628,0.12843474933027177,0.07581727962638629,1415.1680000000003,1408.2525,1433.7876730748949,1386.906339518481,Up
CLEAN,Chemicals,SELL,0.99,-0.07,-3.05,-7.18,-16.04,No,-1.16,-0.20523635700250342,7.0,2026-07-29 13:40:26,https://in.tradingview.com/chart/?symbol=NSE:CLEAN,737.3,44.05502358856835,-0.030506245890861372,-0.07181972682067106,-0.1604418127989069,767.1089999999997,828.9264999999999,738.0987667922656,792.8250668946097,Up
CMSINFO,Services,SELL,2.25,1.74,-1.05,-7.48,-15.17,No,-1.72,-0.21339984616541843,6.0,2026-07-29 13:40:26,https://in.tradingview.com/chart/?symbol=NSE:CMSINFO,277.65,50.27659916416281,-0.010513186029936006,-0.07480839720093313,-0.15169569202566457,287.98999999999995,318.04350000000005,273.6360205288988,285.6804133577795,Up
COALINDIA,Oil Gas & Consumable Fuels,SELL,-0.02,-4.28,-6.61,-12.19,-3.11,No,-1.18,-0.033281666160294376,41.0,2026-07-29 13:40:26,https://in.tradingview.com/chart/?symbol=NSE:COALINDIA,410.05,23.923897546074215,-0.06605170253957404,-0.12194860813704489,-0.03107277882797721,444.35800000000006,425.49024999999966,421.94445102501965,432.1241507254393,Up
COCHINSHIP,Capital Goods,SELL,1.52,2.62,-6.92,-17.22,-6.31,No,-1.23,-0.1767022415085456,11.0,2026-07-29 13:40:26,https://in.tradingview.com/chart/?symbol=NSE:COCHINSHIP,1403.6,45.65288613887315,-0.0691690430399895,-0.1722104269874971,-0.06314243759177685,1449.138,1554.1384999999996,1398.7607325249346,1485.0819327779745,Up
COFORGE,Information Technology,HOLD,1.71,16.55,17.0,42.8,1.61,Yes,1.2,0.1543643968334119,75.0,2026-07-29 13:40:26,https://in.tradingview.com/chart/?symbol=NSE:COFORGE,1714.9,72.31100941561031,0.17002115030360931,0.4280123240902656,0.01611660840196727,1466.79,1518.2499999999995,1569.5311037815939,1570.6670612210871,Up
COHANCE,Healthcare,SELL,1.3,-1.55,-5.45,-12.57,11.49,No,-1.04,-0.25069947786125046,3.0,2026-07-29 13:40:26,https://in.tradingview.com/chart/?symbol=NSE:COHANCE,431.3,47.53300723453613,-0.0544776937410939,-0.12568416784917902,0.11490241695747705,434.59099999999995,475.01774999999986,431.652149750566,401.806219096434,Up
COLPAL,Fast Moving Consumer Goods,HOLD,1.32,2.81,8.43,1.94,-0.61,Yes,-0.16,-0.020653613997211506,44.0,2026-07-29 13:40:26,https://in.tradingview.com/chart/?symbol=NSE:COLPAL,2166.4,64.90195108088407,0.08433855548325742,0.019386410690758638,-0.006056157093044523,2056.8140000000003,2105.4795,2110.1333374413493,2019.5810575437356,Up
CONCOR,Services,HOLD,0.66,9.23,10.65,3.01,6.37,Yes,0.01,-0.00687766256536633,47.0,2026-07-29 13:40:26,https://in.tradingview.com/chart/?symbol=NSE:CONCOR,525.85,67.87790881630072,0.10647027880063131,0.030068560235063657,0.06372003641144941,476.404,498.12799999999993,501.2577678340915,487.9649639961644,Up
CONCORDBIO,Healthcare,HOLD,5.92,3.65,3.92,24.1,5.33,Yes,0.62,0.020455890977205828,53.0,2026-07-29 13:40:26,https://in.tradingview.com/chart/?symbol=NSE:CONCORDBIO,1330.4,57.456045601198056,0.03921262302765194,0.241044776119403,0.053281608740400666,1263.0320000000004,1270.7619999999995,1291.6263351710822,1217.4210691622093,Up
COROMANDEL,Chemicals,SELL,0.53,-0.08,1.63,1.34,-10.64,No,-0.27,-0.05469993644541853,36.0,2026-07-29 13:40:26,https://in.tradingview.com/chart/?symbol=NSE:COROMANDEL,2037.6,53.94774415617775,0.016259351620947493,0.01337842542398171,-0.10639417594947809,1950.608,2120.4289999999996,2025.0020850651865,1904.482959431045,Up
CRAFTSMAN,Automobile and Auto Components,HOLD,6.71,5.46,4.79,30.92,30.03,Yes,1.94,0.3820181175651451,92.0,2026-07-29 13:40:26,https://in.tradingview.com/chart/?symbol=NSE:CRAFTSMAN,9913.0,69.64537570886155,0.04788583509513744,0.3091653460116217,0.30032137469666154,9159.92,7777.092499999997,9421.360305521383,8871.85553277954,Up
CREDITACC,Financial Services,HOLD,0.88,6.82,6.77,27.11,9.7,Yes,1.18,0.21917403710236494,82.0,2026-07-29 13:40:26,https://in.tradingview.com/chart/?symbol=NSE:CREDITACC,1590.4,63.30847982641679,0.06774085263511243,0.2710997442455243,0.09697889364050227,1419.256,1330.1055000000001,1545.2903495584787,1439.278833652797,Up
CRISIL,Financial Services,HOLD,-1.11,-1.23,8.85,3.92,-2.2,Yes,-0.22,-0.057045459802546786,35.0,2026-07-29 13:40:26,https://in.tradingview.com/chart/?symbol=NSE:CRISIL,4440.0,63.38884661661327,0.08850208384407954,0.039179890464822176,-0.02204797251161872,4093.92,4354.019999999997,4377.292451353336,4126.298550289303,Up
CROMPTON,Consumer Durables,SELL,6.81,3.34,-3.82,-2.0,15.07,Yes,-0.28,-0.03980587194241692,39.0,2026-07-29 13:40:26,https://in.tradingview.com/chart/?symbol=NSE:CROMPTON,264.25,52.995854303430185,-0.03821656050955413,-0.019953269294959775,0.15066405399521,268.78700000000003,262.6104999999999,255.78593507034475,265.9945427887454,Up
CSBBANK,Financial Services,SELL,-1.68,-3.42,-1.87,-15.26,-32.67,No,-1.25,-0.21060997816773644,7.0,2026-07-29 13:40:26,https://in.tradingview.com/chart/?symbol=NSE:CSBBANK,333.5,38.81503294690189,-0.018684713844343115,-0.15258544022360565,-0.3266707046234606,355.98400000000004,394.8357499999999,344.4097272172439,369.74430631818876,Up
CUB,Financial Services,HOLD,-3.9,2.38,9.71,10.7,7.75,Yes,0.92,0.21567550168531274,81.0,2026-07-29 13:40:26,https://in.tradingview.com/chart/?symbol=NSE:CUB,228.86,58.32775378898797,0.09712368168744012,0.10699429234787661,0.0774952919020715,206.3292,200.0981,226.10583580434337,208.95833522630863,Up
CUMMINSIND,Capital Goods,SELL,-1.33,-3.63,-4.89,2.38,32.33,Yes,0.92,0.24083866196349848,83.0,2026-07-29 13:40:26,https://in.tradingview.com/chart/?symbol=NSE:CUMMINSIND,5383.0,40.36101778582925,-0.048855905998763105,0.023773297831875206,0.3233197305668911,5602.52,4796.236999999998,5521.0838355508395,5799.595650525425,Up
CYIENT,Information Technology,SELL,3.51,2.86,-0.52,1.04,-23.53,No,-0.83,-0.16197865891560193,14.0,2026-07-29 13:40:26,https://in.tradingview.com/chart/?symbol=NSE:CYIENT,867.45,53.49947374168287,-0.005160846378806094,0.010425160163075153,-0.2353226375176305,873.4240000000001,1000.204,845.8503776666462,900.2181994994941,Up
CYIENTDLM,Capital Goods,HOLD,-0.03,-2.35,48.11,73.67,85.79,Yes,2.77,0.6474462907336482,98.0,2026-07-29 13:40:26,https://in.tradingview.com/chart/?symbol=NSE:CYIENTDLM,681.75,74.7758314675428,0.4810992830762546,0.7367214367596484,0.8578825453059,502.4830000000001,415.88450000000006,648.4842292689214,589.1463114650869,Up
DABUR,Fast Moving Consumer Goods,SELL,2.14,1.69,2.72,-3.65,-17.45,No,-1.0,-0.10964637249841991,23.0,2026-07-29 13:40:26,https://in.tradingview.com/chart/?symbol=NSE:DABUR,433.7,52.07987952681875,0.02723827569872106,-0.03654337443074529,-0.17445512515465889,432.864,475.0542499999997,428.43271242635,444.7056482964019,Up
DALBHARAT,Construction Materials,SELL,0.21,-2.64,6.73,-5.41,-15.33,No,-0.9,-0.12573954733344406,20.0,2026-07-29 13:40:26,https://in.tradingview.com/chart/?symbol=NSE:DALBHARAT,1815.0,54.22203308690559,0.06727037516170764,-0.05409631019387118,-0.15333302234454438,1750.6639999999998,1955.8964999999994,1821.4598072368808,1747.6816154842809,Up
DATAMATICS,Information Technology,HOLD,-0.36,0.44,3.58,17.6,23.32,Yes,0.91,0.1270052464691336,72.0,2026-07-29 13:40:26,https://in.tradingview.com/chart/?symbol=NSE:DATAMATICS,837.0,51.42753533597716,0.035762900631109984,0.17597471022128564,0.23324001768086045,812.7939999999999,790.28675,840.0628114382853,807.8645216620514,Up
DATAPATTNS,Capital Goods,HOLD,1.25,-7.24,-1.45,9.28,93.45,Yes,1.26,0.46147259200183555,95.0,2026-07-29 13:40:26,https://in.tradingview.com/chart/?symbol=NSE:DATAPATTNS,4436.6,51.39250747832917,-0.014483095650628552,0.09278553658957134,0.9345077177989012,4340.764,3345.868000000003,4436.760238365454,4095.0609904695566,Up
DBL,Construction,SELL,-1.46,7.67,-3.87,-9.05,-6.22,No,-0.68,-0.09703587105919553,27.0,2026-07-29 13:40:26,https://in.tradingview.com/chart/?symbol=NSE:DBL,431.15,52.93549118854816,-0.03868450390189526,-0.09049678303976383,-0.06220772158781951,429.356,450.57650000000007,422.50078599195524,395.4835563710848,Up
DCAL,Healthcare,SELL,3.25,0.97,7.2,2.07,-13.93,No,-0.22,-0.14327488030788185,16.0,2026-07-29 13:40:26,https://in.tradingview.com/chart/?symbol=NSE:DCAL,187.99,51.295929699606276,0.0719621371956436,0.020741706032470164,-0.1393187437047888,187.516,209.49930000000003,186.49244633468655,176.9652700062798,Up
DCBBANK,Financial Services,HOLD,-1.3,2.07,3.97,1.55,2.0,Yes,0.36,0.11725199762684882,70.0,2026-07-29 13:40:26,https://in.tradingview.com/chart/?symbol=NSE:DCBBANK,192.56,56.20909592418123,0.039740820734341264,0.015504693597721664,0.019969278033794113,183.95679999999996,178.11010000000005,190.5522088706231,179.31523057226605,Up
DCMSHRIRAM,Diversified,SELL,0.12,3.7,4.51,-10.85,-4.28,No,-1.1,-0.13135056810376328,18.0,2026-07-29 13:40:26,https://in.tradingview.com/chart/?symbol=NSE:DCMSHRIRAM,1051.2,55.582682035714015,0.045138198448996025,-0.10847256381986248,-0.04279730468038612,1040.726,1140.3949999999993,1032.8541987324286,1087.468450804754,Up
DEEPAKFERT,Chemicals,SELL,-1.28,1.71,4.38,33.42,37.57,Yes,1.62,0.23480561627539204,83.0,2026-07-29 13:40:26,https://in.tradingview.com/chart/?symbol=NSE:DEEPAKFERT,1626.3,58.85021593241948,0.04377125986778774,0.3342357863647549,0.37565555743529,1527.1820000000002,1288.8387500000001,1607.959964741386,1509.9508196596082,Up
DEEPAKNTR,Chemicals,HOLD,1.62,-1.06,8.51,-0.27,4.86,Yes,-0.2,-0.02853609153518591,42.0,2026-07-29 13:40:26,https://in.tradingview.com/chart/?symbol=NSE:DEEPAKNTR,1678.0,52.634143762083404,0.08510087946197609,-0.0027338642576963945,0.048618922634670714,1665.2020000000005,1635.0575000000001,1671.0734213016763,1576.5498539240257,Up
DELHIVERY,Services,SELL,-0.47,0.51,-0.43,0.99,20.56,Yes,0.26,0.059362987198386064,60.0,2026-07-29 13:40:26,https://in.tradingview.com/chart/?symbol=NSE:DELHIVERY,470.0,43.35330516543192,-0.004342760300815596,0.009883970777825546,0.20559189431832747,470.7199999999999,442.9697500000001,475.88356835998655,501.4419952199677,Up
DEVYANI,Consumer Services,SELL,4.08,6.99,6.28,5.52,-1.65,No,-0.23,-0.10565223477259784,24.0,2026-07-29 13:40:26,https://in.tradingview.com/chart/?symbol=NSE:DEVYANI,118.36,61.60602481707747,0.062763760438179,0.05518409556922532,-0.01653510594100538,113.347,126.13660000000006,113.75024538665546,108.38216738810686,Up
DHANUKA,Chemicals,SELL,2.2,1.22,-3.17,-4.15,-8.06,No,-1.01,-0.17299307158736082,12.0,2026-07-29 13:40:26,https://in.tradingview.com/chart/?symbol=NSE:DHANUKA,1021.8,44.484855978012845,-0.031652767247915214,-0.04146341463414638,-0.08061903904984713,1073.166,1130.0142499999995,1014.704430488982,1072.2747030916864,Up
DIACABS,Capital Goods,HOLD,5.0,25.38,61.2,107.19,161.31,Yes,3.49,1.2180187491944368,99.0,2026-07-29 13:40:26,https://in.tradingview.com/chart/?symbol=NSE:DIACABS,337.45,86.95404361041817,0.6119709563389699,1.0718978326272488,1.61305559857519,220.1206,161.61575000000002,290.46072989419343,278.36393611398466,Up
DIVISLAB,Healthcare,HOLD,4.84,5.39,18.32,21.02,28.22,Yes,1.95,0.20967132470244484,81.0,2026-07-29 13:40:26,https://in.tradingview.com/chart/?symbol=NSE:DIVISLAB,7784.5,78.04140388646276,0.18323453412372692,0.21018266614846493,0.2822434524789985,6868.760000000001,6484.492500000001,7396.329297211487,7161.77081683043,Up
DIXON,Consumer Durables,HOLD,2.68,2.83,19.76,25.55,35.8,Yes,1.04,0.12623812606025145,71.0,2026-07-29 13:40:26,https://in.tradingview.com/chart/?symbol=NSE:DIXON,14275.0,65.29056382267721,0.19756711409395966,0.25549692172383476,0.3579718417047184,12509.6,12426.222500000009,13948.703016652682,13120.561613076285,Up
DLF,Realty,HOLD,1.09,2.88,8.1,14.01,9.29,Yes,0.39,0.005522702641282587,50.0,2026-07-29 13:40:26,https://in.tradingview.com/chart/?symbol=NSE:DLF,670.25,57.669326027544344,0.0809612128054189,0.14007484266031645,0.09285830751671287,623.7339999999999,646.6737500000004,659.0485313283709,627.2016397070573,Up
DMART,Consumer Services,SELL,0.04,-3.81,-12.16,-15.32,3.33,No,-1.33,-0.08330844823270966,30.0,2026-07-29 13:40:26,https://in.tradingview.com/chart/?symbol=NSE:DMART,3848.1,33.36228476800056,-0.12157874312324513,-0.15322154739899652,0.0332966354286941,4107.238,4051.2365,3951.8472670591996,4141.489810476642,Up
DODLA,Fast Moving Consumer Goods,SELL,1.65,-0.28,-5.55,-7.54,-10.51,No,-1.03,-0.13248888536282277,18.0,2026-07-29 13:40:26,https://in.tradingview.com/chart/?symbol=NSE:DODLA,1060.4,44.48928306076386,-0.05549122650752647,-0.07538038976326444,-0.10507215798801584,1090.79,1150.816,1059.4417618843122,1122.7273114240572,Up
DOMS,Fast Moving Consumer Goods,SELL,0.54,0.84,-1.03,-0.41,-5.07,No,-0.32,-0.03816485686179514,39.0,2026-07-29 13:40:26,https://in.tradingview.com/chart/?symbol=NSE:DOMS,2285.9,51.7700847785316,-0.010261517145826016,-0.004138712207022777,-0.05070598006644511,2253.274,2383.4885,2268.3600481318763,2161.0100675079184,Up
DRREDDY,Healthcare,SELL,0.59,-3.42,-15.83,-15.67,-6.18,No,-1.67,-0.11634559865296437,22.0,2026-07-29 13:40:26,https://in.tradingview.com/chart/?symbol=NSE:DRREDDY,1142.3,26.189570068145517,-0.15827868248471,-0.15672523254097148,-0.06176591375770024,1276.466,1262.2395000000006,1173.5419121357727,1225.4552641428777,Up
DYNAMATECH,Capital Goods,SELL,-0.12,1.67,-0.6,-12.14,25.04,Yes,0.08,0.14047155846635606,73.0,2026-07-29 13:40:26,https://in.tradingview.com/chart/?symbol=NSE:DYNAMATECH,10331.0,47.48786299056086,-0.0059655537380929324,-0.12140153931198705,0.25042362624061965,10513.260000000004,9702.947500000002,10369.337436083997,11308.985313160842,Up
EASEMYTRIP,Consumer Services,SELL,2.12,-1.17,-2.46,-14.27,4.18,No,-0.45,-0.1550759698490384,15.0,2026-07-29 13:40:26,https://in.tradingview.com/chart/?symbol=NSE:EASEMYTRIP,6.73,40.2754155345051,-0.024637681159420333,-0.14267515923566865,0.04179566563467496,7.338599999999996,7.484400000000002,6.786246491364585,7.3309086291688,Up
ECLERX,Services,HOLD,2.85,0.25,47.32,34.69,-10.22,Yes,0.86,0.1044822408550201,68.0,2026-07-29 13:40:26,https://in.tradingview.com/chart/?symbol=NSE:ECLERX,1951.8,67.72798815550422,0.4731677862480186,0.3469049755020357,-0.10218726281653201,1556.656,1862.7292499999999,1863.6792011112102,1667.6592203867076,Up
EDELWEISS,Financial Services,SELL,1.77,-1.24,-3.9,-6.36,8.22,Yes,-0.15,-0.008921339661428407,47.0,2026-07-29 13:40:26,https://in.tradingview.com/chart/?symbol=NSE:EDELWEISS,116.1,45.481625171147755,-0.038986838837844595,-0.0636341640454875,0.08221476510067105,117.12359999999998,113.20859999999998,117.20733147329129,127.26608040418326,Up
EICHERMOT,Automobile and Auto Components,HOLD,-0.73,1.93,9.97,10.0,10.36,Yes,0.94,0.16232408765111156,76.0,2026-07-29 13:40:26,https://in.tradingview.com/chart/?symbol=NSE:EICHERMOT,7779.0,61.78329777441568,0.099738460450979,0.10004949444955091,0.1035607887643637,7375.260000000003,7232.295000000002,7681.851306131108,7386.36952518953,Up
EIDPARRY,Fast Moving Consumer Goods,SELL,1.41,1.76,9.1,-7.86,-14.78,No,-1.4,-0.17705076289366725,11.0,2026-07-29 13:40:26,https://in.tradingview.com/chart/?symbol=NSE:EIDPARRY,778.9,58.17665663314614,0.09097275719588205,-0.07860649435145206,-0.14781181619256023,748.0699999999998,888.1172500000004,767.0987813267826,716.2466082947325,Up
EIEL,Utilities,HOLD,-0.18,-3.67,-3.42,-0.33,22.86,Yes,0.08,-0.026942817372673213,42.0,2026-07-29 13:40:26,https://in.tradingview.com/chart/?symbol=NSE:EIEL,216.07,46.60792720714724,-0.0342376972243329,-0.0032752098902113502,0.22864778801319208,209.57960000000003,199.5577499999999,220.76070480829185,212.14878828654392,Up
EIHOTEL,Consumer Services,SELL,3.15,1.24,4.82,2.93,1.6,No,-0.12,-0.037166419010600006,40.0,2026-07-29 13:40:26,https://in.tradingview.com/chart/?symbol=NSE:EIHOTEL,335.75,56.11736504541916,0.04823602872307209,0.029276517473942443,0.01603873505825404,318.59999999999997,339.2680000000001,330.9672805983496,311.6105324510019,Up
ELECON,Capital Goods,SELL,2.15,-3.05,-20.62,-11.57,11.91,No,-0.63,-0.12801138889635136,19.0,2026-07-29 13:40:26,https://in.tradingview.com/chart/?symbol=NSE:ELECON,423.75,29.08507696620694,-0.20616335706257016,-0.11571368948247074,0.11910735507724812,505.9660000000003,478.05075,437.31999183456554,472.1298574237306,Up
ELECTCAST,Capital Goods,SELL,0.69,0.98,-9.68,-14.68,-1.02,No,-0.84,-0.18662876688669733,9.0,2026-07-29 13:40:26,https://in.tradingview.com/chart/?symbol=NSE:ELECTCAST,71.97,39.89644744953679,-0.09676204819277112,-0.14676941315945458,-0.010177417136569833,76.36860000000003,77.83425000000005,72.59030165458066,77.9954522695926,Up
ELGIEQUIP,Capital Goods,HOLD,1.35,-1.04,-3.5,4.43,31.36,Yes,0.66,0.13198869833270507,72.0,2026-07-29 13:40:26,https://in.tradingview.com/chart/?symbol=NSE:ELGIEQUIP,577.15,46.68707853072164,-0.035027587359973356,0.04433185560481312,0.3136451576192101,588.9060000000002,517.0945000000002,579.6575542341257,566.557540592435,Up
EMAMILTD,Fast Moving Consumer Goods,SELL,0.18,-1.46,0.88,-10.27,-18.84,No,-1.72,-0.1905491327533566,9.0,2026-07-29 13:40:26,https://in.tradingview.com/chart/?symbol=NSE:EMAMILTD,407.85,48.20103309531462,0.008780608459065142,-0.10273897261027387,-0.18843896129738336,406.07,467.81275,410.07693843680914,391.10490378044364,Up
EMBDL,Realty,SELL,-0.13,-0.91,-0.13,17.39,4.43,No,0.12,-0.08794575597218664,29.0,2026-07-29 13:40:26,https://in.tradingview.com/chart/?symbol=NSE:EMBDL,62.04,47.83279946921523,-0.0012878300064391723,0.1738883632923367,0.04426864164282107,62.05900000000002,68.47059999999996,62.4405238751916,67.31478463652199,Up
EMCURE,Healthcare,HOLD,0.84,1.0,3.92,18.64,22.43,Yes,1.45,0.27439767041843655,87.0,2026-07-29 13:40:26,https://in.tradingview.com/chart/?symbol=NSE:EMCURE,1908.0,60.26162279839431,0.03921568627450989,0.18641959955229437,0.22433264887063653,1789.4340000000007,1558.2295000000004,1881.8510380083271,1763.3094505790727,Up
EMIL,Consumer Services,HOLD,4.35,0.77,8.81,7.91,49.45,Yes,0.59,0.1025881436822444,67.0,2026-07-29 13:40:26,https://in.tradingview.com/chart/?symbol=NSE:EMIL,132.46,56.93343146565632,0.08814589665653494,0.07910386965376781,0.49452781225318754,121.55519999999996,113.98014999999992,129.65653710982656,122.97477813824487,Up
EMUDHRA,Information Technology,SELL,-1.24,-1.13,1.88,-7.84,-14.22,No,-1.31,-0.2124432383789966,6.0,2026-07-29 13:40:26,https://in.tradingview.com/chart/?symbol=NSE:EMUDHRA,454.4,49.52281347844366,0.01883408071748871,-0.07838961565764124,-0.14223690420009438,458.0799999999999,517.938,456.87731528198265,470.2698467653547,Up
ENDURANCE,Automobile and Auto Components,HOLD,2.81,1.65,4.1,18.27,15.64,Yes,0.94,0.10488296164309739,68.0,2026-07-29 13:40:26,https://in.tradingview.com/chart/?symbol=NSE:ENDURANCE,2783.3,59.40869453891602,0.04103081986834245,0.18267187898359816,0.15643177663287355,2660.6259999999993,2588.5310000000004,2725.662238837449,2547.1246229925346,Up
ENGINERSIN,Construction,SELL,1.33,0.08,-6.25,-12.08,27.91,Yes,-0.18,0.025827856184691574,54.0,2026-07-29 13:40:26,https://in.tradingview.com/chart/?symbol=NSE:ENGINERSIN,225.56,42.2866657633556,-0.06254935372594661,-0.1207608949871366,0.27911988204604743,235.6814,212.1883500000001,226.68778245330898,243.00350802925712,Up
ENRIN,Capital Goods,SELL,-0.32,-6.01,-13.92,-1.95,43.94,Yes,0.34,0.08911732025665162,64.0,2026-07-29 13:40:26,https://in.tradingview.com/chart/?symbol=NSE:ENRIN,3170.7,35.77439678980192,-0.13916868025954998,-0.01948232674645145,0.4393953150535679,3522.4559999999997,3054.252,3282.2461361643464,3522.246783737928,Up
ENTERO,Consumer Services,HOLD,-0.71,-0.99,3.11,2.63,4.22,Yes,0.23,0.04174173104805399,57.0,2026-07-29 13:40:26,https://in.tradingview.com/chart/?symbol=NSE:ENTERO,1227.0,53.310631685933636,0.031092436974789806,0.026348808030112858,0.042215238257028886,1189.2879999999996,1136.7245000000003,1228.0774749500238,1130.5963532089806,Up
EPIGRAL,Chemicals,SELL,-3.69,-1.01,3.98,-7.52,3.09,No,-0.64,-0.16560101758969503,13.0,2026-07-29 13:40:26,https://in.tradingview.com/chart/?symbol=NSE:EPIGRAL,1127.3,53.1963460516941,0.0398487224425792,-0.0751876615119571,0.030909922267946977,1121.9060000000002,1211.3734999999988,1130.7201890293125,1040.0104998901486,Up
EPL,Capital Goods,HOLD,-0.27,0.24,4.29,4.04,13.87,Yes,0.39,0.0705976875473318,62.0,2026-07-29 13:40:26,https://in.tradingview.com/chart/?symbol=NSE:EPL,234.44,50.96571055313913,0.042882562277579916,0.0403834206088578,0.13872158538954737,227.35200000000006,214.15054999999992,235.6024559114506,223.55499454884205,Up
EQUITASBNK,Financial Services,SELL,-2.01,-7.45,-3.02,9.82,4.32,Yes,0.68,0.12929080472707402,72.0,2026-07-29 13:40:26,https://in.tradingview.com/chart/?symbol=NSE:EQUITASBNK,73.13,39.73560660628813,-0.030234716881050283,0.09821294488661958,0.04322396576319543,75.4308,65.98484999999997,77.11835622739203,81.18502774204366,Up
ERIS,Healthcare,SELL,2.46,-1.08,-0.59,7.34,0.44,No,0.06,-0.02886724554216083,42.0,2026-07-29 13:40:26,https://in.tradingview.com/chart/?symbol=NSE:ERIS,1425.0,49.638683332689055,-0.00592954307638649,0.07336547152756867,0.004440685134277755,1412.6359999999997,1451.3364999999997,1421.555685916701,1354.0379288808833,Up
ESCORTS,Capital Goods,SELL,0.23,2.32,2.76,-8.82,-15.1,No,-1.07,-0.12650698499457314,20.0,2026-07-29 13:40:26,https://in.tradingview.com/chart/?symbol=NSE:ESCORTS,3016.8,60.52402845010951,0.027555434449402227,-0.08819440246629984,-0.15098640700194188,2891.637999999999,3334.937000000003,2964.763413578733,2832.704872685632,Up
ETERNAL,Consumer Services,HOLD,1.12,9.63,17.84,23.21,13.01,Yes,1.11,0.13281231620710218,72.0,2026-07-29 13:40:26,https://in.tradingview.com/chart/?symbol=NSE:ETERNAL,311.8,71.65657022011429,0.17838246409674974,0.23207017821156217,0.13011960855382387,267.1356,275.3841000000001,295.4584709004838,285.01336894492044,Up
ETHOSLTD,Consumer Durables,SELL,0.21,-2.49,4.38,-1.22,1.77,No,-0.28,-0.0485717389935265,36.0,2026-07-29 13:40:26,https://in.tradingview.com/chart/?symbol=NSE:ETHOSLTD,2556.0,51.87829414896182,0.04377654361319827,-0.012173913043478257,0.017718494923352646,2465.8599999999997,2595.206999999998,2579.027947355341,2408.5462541276847,Up
EUREKAFORB,Consumer Durables,SELL,-1.19,0.83,-1.55,-9.48,-16.21,No,-1.0,-0.14691474725901008,16.0,2026-07-29 13:40:26,https://in.tradingview.com/chart/?symbol=NSE:EUREKAFORB,451.4,48.07580793121385,-0.015485278080697995,-0.09475584077007926,-0.1621345707656613,455.855,518.6890000000002,449.94910748394364,470.15000702957343,Up
EXIDEIND,Automobile and Auto Components,HOLD,2.89,-2.72,12.4,22.29,30.34,Yes,1.3,0.1919305788401666,79.0,2026-07-29 13:40:26,https://in.tradingview.com/chart/?symbol=NSE:EXIDEIND,435.65,60.001665519504485,0.12396800825593379,0.222877192982456,0.30336574420344053,400.1030000000002,362.81625,432.5337729446376,411.5475979979991,Up
FACT,Chemicals,SELL,1.16,1.53,-5.3,-8.77,2.62,No,-0.52,-0.07268734161189627,32.0,2026-07-29 13:40:26,https://in.tradingview.com/chart/?symbol=NSE:FACT,826.5,41.571597977335536,-0.053047662694775344,-0.08774834437086088,0.026198162403774594,872.173,853.1985000000006,824.50607917569,872.8115305547764,Up
FDC,Healthcare,HOLD,1.68,0.97,-2.25,13.44,10.0,Yes,0.45,0.02854019203043366,54.0,2026-07-29 13:40:26,https://in.tradingview.com/chart/?symbol=NSE:FDC,414.3,50.864731952333784,-0.022531555974991124,0.13444687842278213,0.09996017522899248,404.29900000000004,393.99299999999994,413.76954224153786,393.4359251554447,Up
FEDERALBNK,Financial Services,BUY,0.53,1.67,8.82,23.59,27.27,Yes,2.61,0.40229057061565765,93.0,2026-07-29 13:40:26,https://in.tradingview.com/chart/?symbol=NSE:FEDERALBNK,359.15,76.7629725911487,0.08816845932434458,0.23589125946317946,0.2726789510985117,320.792,279.65194999999994,352.21091090454644,339.7676238659211,Up
FIEMIND,Automobile and Auto Components,HOLD,0.05,-0.52,3.1,6.51,5.75,Yes,0.57,0.09820900175262356,66.0,2026-07-29 13:40:26,https://in.tradingview.com/chart/?symbol=NSE:FIEMIND,2331.3,56.18243785782186,0.03095564498297443,0.06510416666666674,0.05751871172601497,2275.356,2207.5910000000013,2323.6002505371875,2213.416689360974,Up
FINCABLES,Capital Goods,SELL,1.21,-2.96,-15.78,-1.94,35.3,Yes,0.44,0.1249647033916506,71.0,2026-07-29 13:40:26,https://in.tradingview.com/chart/?symbol=NSE:FINCABLES,984.9,39.579687341151924,-0.15777321703437663,-0.019414575866188777,0.35297753966618584,1061.861,885.2787499999996,1000.8005013989253,1082.8230904576594,Up
FINEORG,Chemicals,SELL,0.2,-2.61,-9.36,1.16,20.86,Yes,0.19,0.04314202590706244,58.0,2026-07-29 13:40:26,https://in.tradingview.com/chart/?symbol=NSE:FINEORG,4800.0,41.954929599703874,-0.09362136032327506,0.011591148577450028,0.20861135591086488,4900.110000000001,4545.748,4864.264759627058,5193.216824955464,Up
FINPIPE,Capital Goods,SELL,1.3,0.33,-5.78,-6.24,-5.96,No,-0.8,-0.10507739245645081,24.0,2026-07-29 13:40:26,https://in.tradingview.com/chart/?symbol=NSE:FINPIPE,164.77,44.14638399699418,-0.05775719105621313,-0.062368406077505156,-0.059585640089035996,171.84520000000006,176.14410000000007,164.36524192947192,173.55373572202973,Up
FIRSTCRY,Consumer Services,SELL,1.26,3.86,-3.7,-12.44,-21.49,No,-1.45,-0.25760299476334236,3.0,2026-07-29 13:40:26,https://in.tradingview.com/chart/?symbol=NSE:FIRSTCRY,215.03,50.73699643576887,-0.03699225222804425,-0.12439938105708936,-0.21493245710113174,218.6036,262.09115,211.96236591951117,225.90964997904052,Up
FIVESTAR,Financial Services,HOLD,1.29,4.26,12.56,13.61,10.57,Yes,0.59,0.0428444039968557,57.0,2026-07-29 13:40:26,https://in.tradingview.com/chart/?symbol=NSE:FIVESTAR,568.55,64.54935116278789,0.12561868936844167,0.13607753022279945,0.1056981719175416,497.67099999999994,498.93549999999993,552.0426837649674,516.7482776922586,Up
FLUOROCHEM,Chemicals,BUY,2.06,-0.23,15.54,35.12,40.92,Yes,2.19,0.32260199851171933,90.0,2026-07-29 13:40:26,https://in.tradingview.com/chart/?symbol=NSE:FLUOROCHEM,4580.0,74.79279230994672,0.1553985872855701,0.3511918810479113,0.4091874096181656,3924.884,3567.912499999998,4459.200798975338,4223.512898980819,Up
FORCEMOT,Automobile and Auto Components,SELL,0.8,-0.48,-6.71,-16.53,-16.24,No,-0.73,-0.09980491420963976,26.0,2026-07-29 13:40:26,https://in.tradingview.com/chart/?symbol=NSE:FORCEMOT,17334.0,41.35942097783444,-0.06706135629709364,-0.16531034814850487,-0.16240637835225902,18326.820000000003,19413.100000000006,17543.29070789778,16971.83127938419,Up
FORTIS,Healthcare,HOLD,0.7,0.23,-0.51,0.05,13.14,Yes,0.0,0.03727420170796776,56.0,2026-07-29 13:40:26,https://in.tradingview.com/chart/?symbol=NSE:FORTIS,952.05,47.93590347900505,-0.005120434714457445,0.0005254584625085101,0.13143977657614814,961.6300000000001,929.0295000000006,951.2998507069344,924.2650115898263,Up
FSL,Services,HOLD,11.6,11.18,28.51,38.46,-6.17,Yes,0.82,0.0906230908951283,64.0,2026-07-29 13:40:26,https://in.tradingview.com/chart/?symbol=NSE:FSL,293.58,72.51732624620605,0.28509520682862766,0.3846153846153846,-0.06174496644295302,254.6001999999999,281.45904999999993,267.0648548132155,251.82986758153635,Up
GABRIEL,Automobile and Auto Components,BUY,0.5,-0.69,14.16,38.64,53.83,Yes,1.74,0.37179508184058724,92.0,2026-07-29 13:40:26,https://in.tradingview.com/chart/?symbol=NSE:GABRIEL,1414.8,61.30824479025747,0.14161220043572986,0.3864471556666176,0.5383277155594215,1205.356,1071.0572500000003,1392.50360079645,1296.310194315116,Up
GAEL,Fast Moving Consumer Goods,HOLD,5.02,13.53,-0.62,9.88,17.42,Yes,1.15,0.2791936519005276,87.0,2026-07-29 13:40:26,https://in.tradingview.com/chart/?symbol=NSE:GAEL,164.31,61.668984775118794,-0.006169479223371521,0.09876955998395087,0.17422997212892155,156.95080000000004,137.11935,153.45047535853826,145.3981557020407,Up
GAIL,Oil Gas & Consumable Fuels,HOLD,-0.02,1.22,0.96,5.7,7.06,Yes,0.27,0.023470958667450546,53.0,2026-07-29 13:40:26,https://in.tradingview.com/chart/?symbol=NSE:GAIL,175.12,56.64473408042739,0.00956992966678194,0.0569773056494447,0.07061197041022194,170.40479999999994,167.43314999999998,173.46157503097874,165.23435979147374,Up
GALLANTT,Capital Goods,SELL,4.99,7.29,-12.82,-29.25,11.03,No,-0.92,-0.10169441346514213,25.0,2026-07-29 13:40:26,https://in.tradingview.com/chart/?symbol=NSE:GALLANTT,603.3,44.28142569546216,-0.1282421790333068,-0.2924827020053947,0.1103340388331644,660.8480000000002,625.0997499999999,587.400832775112,613.6061127026237,Up
GANECOS,Textiles,HOLD,1.66,0.39,33.2,16.0,73.92,Yes,0.89,0.16562239916592766,76.0,2026-07-29 13:40:26,https://in.tradingview.com/chart/?symbol=NSE:GANECOS,1204.05,65.73089512872824,0.33198738868300226,0.1600269762512645,0.739202657807309,1018.1699999999997,947.3035,1190.8436867039368,1086.5378972204833,Up
GANESHHOU,Realty,SELL,-1.69,-6.8,-0.65,11.49,2.4,Yes,0.3,-0.01253880459663119,46.0,2026-07-29 13:40:26,https://in.tradingview.com/chart/?symbol=NSE:GANESHHOU,759.0,39.22984541893854,-0.00654450261780104,0.11494674990818954,0.024015110631408376,774.3699999999999,743.5212499999999,798.6996112062495,867.2589813858576,Up
GARFIBRES,Textiles,SELL,-1.0,-3.69,-4.66,18.4,21.39,Yes,0.65,0.061334521048072715,60.0,2026-07-29 13:40:26,https://in.tradingview.com/chart/?symbol=NSE:GARFIBRES,729.95,47.47100710765081,-0.04662704891268843,0.1840227088402271,0.2138521659599235,709.8989999999999,681.9967500000004,746.9096294283619,791.517304296734,Up
GATEWAY,Services,SELL,-0.44,0.92,0.61,0.43,2.12,No,-0.17,-0.032548573103780745,41.0,2026-07-29 13:40:26,https://in.tradingview.com/chart/?symbol=NSE:GATEWAY,58.2,48.39673913856019,0.006050129645635227,0.004314063848144922,0.021231795051763536,58.19420000000001,58.66175,58.125962773477035,61.341965507379925,Up
GESHIP,Services,SELL,-0.49,-4.49,-7.58,-7.03,23.0,Yes,0.36,0.1592755215985661,76.0,2026-07-29 13:40:26,https://in.tradingview.com/chart/?symbol=NSE:GESHIP,1370.7,42.09660614286472,-0.07578720248128912,-0.07033369506239828,0.22998923187365383,1458.4959999999996,1294.9749999999995,1398.7488615464595,1508.388601965438,Up
GHCL,Chemicals,SELL,1.21,2.39,0.6,-14.55,-18.02,No,-1.79,-0.2151240911184839,6.0,2026-07-29 13:40:26,https://in.tradingview.com/chart/?symbol=NSE:GHCL,439.15,52.23229317262422,0.0059557897148092565,-0.14545631445806573,-0.18023147283927587,439.4189999999999,514.3245000000002,435.2184780347807,453.65698136207817,Up
GICRE,Financial Services,SELL,0.35,-0.69,-1.25,-10.16,-5.22,No,-1.02,-0.07688236337764445,31.0,2026-07-29 13:40:26,https://in.tradingview.com/chart/?symbol=NSE:GICRE,358.95,43.232279867165126,-0.012517193947730432,-0.10161431610561888,-0.05215209928703457,370.45,378.2272499999997,359.8692172312975,376.79463287371857,Up
GILLETTE,Fast Moving Consumer Goods,SELL,1.31,-0.21,2.77,-3.79,-1.96,No,-0.98,-0.10721797572658927,24.0,2026-07-29 13:40:26,https://in.tradingview.com/chart/?symbol=NSE:GILLETTE,7892.0,54.14896331949328,0.02767107233543853,-0.03791295867365596,-0.0195664326976831,7783.31,8179.285,7849.812716711132,8069.856231234947,Up
GLAND,Healthcare,BUY,4.75,4.29,1.95,44.46,47.61,Yes,2.08,0.39032725741732727,93.0,2026-07-29 13:40:26,https://in.tradingview.com/chart/?symbol=NSE:GLAND,2543.7,62.612724860246246,0.019519038076152295,0.4446274420717855,0.4760633667962628,2355.118,1924.8275000000003,2454.197741107808,2294.9002597038893,Up
GLAXO,Healthcare,HOLD,-0.4,2.71,7.01,8.79,10.16,Yes,0.35,0.01367629569848687,51.0,2026-07-29 13:40:26,https://in.tradingview.com/chart/?symbol=NSE:GLAXO,2622.0,69.22401936607805,0.07007305227931271,0.08787652476972863,0.10158810184018163,2352.106000000001,2461.3749999999995,2547.9648977911943,2455.597697014864,Up
GLENMARK,Healthcare,SELL,3.53,2.81,2.6,-5.91,13.24,Yes,-0.08,0.05369287708310351,60.0,2026-07-29 13:40:26,https://in.tradingview.com/chart/?symbol=NSE:GLENMARK,2261.7,55.19479539091305,0.02604001270244516,-0.05907559179598121,0.1324354095734026,2229.6180000000004,2091.6474999999978,2223.763251853631,2330.6856828117106,Up
GMDCLTD,Metals & Mining,SELL,3.69,2.5,-1.66,-19.62,6.49,No,-0.78,-0.005540048889848673,47.0,2026-07-29 13:40:26,https://in.tradingview.com/chart/?symbol=NSE:GMDCLTD,574.25,44.18878962087536,-0.016611011216713822,-0.1961786114221724,0.06490496059341688,611.3960000000003,590.6100000000004,569.3101553019263,604.1474290119411,Up
GMMPFAUDLR,Capital Goods,SELL,-0.22,0.51,1.83,-11.26,-19.8,No,-1.78,-0.22458349352032697,5.0,2026-07-29 13:40:26,https://in.tradingview.com/chart/?symbol=NSE:GMMPFAUDLR,804.0,52.641173903229046,0.018301564182129137,-0.11258278145695366,-0.19800498753117202,791.8930000000001,961.0854999999993,804.1027408035727,760.934249219682,Up
GMRAIRPORT,Services,HOLD,-0.8,-2.49,-4.45,9.44,12.62,Yes,0.8,0.1250436296255534,71.0,2026-07-29 13:40:26,https://in.tradingview.com/chart/?symbol=NSE:GMRAIRPORT,107.1,43.61005966617601,-0.04451779819787682,0.09442060085836901,0.12618296529968465,106.18920000000001,99.3332,108.79492214823397,106.60264180891167,Up
GMRP&UI,Power,SELL,0.34,-4.07,-2.26,-9.33,-7.1,No,-0.78,-0.12251278848679291,20.0,2026-07-29 13:40:26,https://in.tradingview.com/chart/?symbol=NSE:GMRP&UI,96.83,40.38398667409253,-0.022610275562733317,-0.09326715984642764,-0.07099683392497369,103.00039999999998,108.65025000000003,97.8135810209979,103.48924348645507,Up
GNFC,Chemicals,SELL,2.61,3.74,-3.37,10.49,16.28,Yes,0.59,0.07711948056079136,62.0,2026-07-29 13:40:26,https://in.tradingview.com/chart/?symbol=NSE:GNFC,525.1,56.20827766697145,-0.0336768494663231,0.10489216201998963,0.16275465013286095,518.3560000000001,484.07625000000024,511.0044881338108,538.3894088103347,Up
GODFRYPHLP,Fast Moving Consumer Goods,SELL,2.2,0.17,-4.47,-1.89,0.58,No,-0.41,-0.14874177331698288,16.0,2026-07-29 13:40:26,https://in.tradingview.com/chart/?symbol=NSE:GODFRYPHLP,2076.0,44.66260828682856,-0.044682711334038894,-0.01894995510609132,0.005765224553073933,2198.8920000000007,2399.8595000000014,2100.491328425367,2019.4168231080844,Up
GODIGIT,Financial Services,SELL,3.05,-10.55,-21.56,-20.09,-21.94,No,-2.23,-0.23826060824301729,4.0,2026-07-29 13:40:26,https://in.tradingview.com/chart/?symbol=NSE:GODIGIT,253.15,28.03759112647529,-0.21564678543764526,-0.2009154040404041,-0.21939562133826707,299.7270000000002,326.8172500000003,267.0680182103497,279.4573517489863,Up
GODREJAGRO,Fast Moving Consumer Goods,SELL,-2.9,-1.57,0.69,-4.64,6.85,No,-0.84,-0.09915984057232292,26.0,2026-07-29 13:40:26,https://in.tradingview.com/chart/?symbol=NSE:GODREJAGRO,560.35,45.16143063610815,0.006918238993710801,-0.04637508509189925,0.06845266469634859,569.619,586.2847500000001,569.1210251137985,588.5870901966398,Up
GODREJCP,Fast Moving Consumer Goods,SELL,0.9,0.72,6.58,-1.42,-13.6,No,-0.63,-0.06918106729603163,34.0,2026-07-29 13:40:26,https://in.tradingview.com/chart/?symbol=NSE:GODREJCP,1076.5,56.12955193096801,0.0658415841584159,-0.014194139194139144,-0.1360353130016051,1039.88,1111.8372499999998,1067.541688789165,1025.7516894176583,Up
GODREJIND,Diversified,HOLD,-1.21,-4.55,10.1,30.76,28.67,Yes,1.14,0.2417661243068971,84.0,2026-07-29 13:40:26,https://in.tradingview.com/chart/?symbol=NSE:GODREJIND,1293.3,53.51056808479763,0.10096194773133549,0.30755232029117363,0.2867376380459654,1183.435,1046.74375,1324.3431118350752,1239.2650057642104,Up
GODREJPROP,Realty,HOLD,0.81,3.5,15.4,18.05,32.93,Yes,0.92,0.10511734133160008,68.0,2026-07-29 13:40:26,https://in.tradingview.com/chart/?symbol=NSE:GODREJPROP,2154.0,64.16100993618433,0.15396978463516553,0.18053271950016447,0.3293014070599851,1885.07,1890.7285,2100.2442804991606,1978.8446086930865,Up
GOKEX,Textiles,SELL,1.79,3.97,-5.18,17.71,38.57,Yes,0.95,0.13237242528295884,72.0,2026-07-29 13:40:26,https://in.tradingview.com/chart/?symbol=NSE:GOKEX,828.0,53.045596455492415,-0.051817921557400504,0.1771396076201308,0.38565810392435784,776.479,746.2997499999996,824.3115183791299,874.4361596432195,Up
GPIL,Capital Goods,SELL,2.57,3.73,-1.51,-17.44,0.5,No,-0.98,-0.0108158342543875,46.0,2026-07-29 13:40:26,https://in.tradingview.com/chart/?symbol=NSE:GPIL,251.8,48.53472032432813,-0.015059651867788015,-0.17442622950819664,0.004989024146876853,266.543,264.23470000000015,245.58458281695908,254.2602613894738,Up
GPPL,Services,SELL,1.45,1.2,-0.41,-4.01,-11.38,No,-0.72,-0.06907420770495118,34.0,2026-07-29 13:40:26,https://in.tradingview.com/chart/?symbol=NSE:GPPL,150.48,47.57673971208764,-0.004103242885506342,-0.04012247241181366,-0.11383310759083687,153.31059999999997,164.94265,149.66951676869672,156.42062653396135,Up
GRANULES,Healthcare,SELL,-0.42,-1.4,3.52,19.39,47.36,Yes,2.16,0.40810299047908083,94.0,2026-07-29 13:40:26,https://in.tradingview.com/chart/?symbol=NSE:GRANULES,841.85,50.1525859115178,0.03516753765754688,0.19385946252570374,0.4735690530369334,809.9880000000002,650.9119999999996,852.9023422129844,914.5690848685199,Up
GRAPHITE,Capital Goods,HOLD,2.79,5.89,8.68,-9.5,4.83,Yes,-0.19,0.04240632569733402,57.0,2026-07-29 13:40:26,https://in.tradingview.com/chart/?symbol=NSE:GRAPHITE,666.65,56.83009991079293,0.08681121617215526,-0.09502477431616096,0.048274235395864284,660.5020000000002,634.637,651.3189779767149,599.9182050385269,Up
GRASIM,Construction Materials,HOLD,-0.1,-1.68,0.42,11.86,11.67,Yes,1.06,0.11472679872728257,70.0,2026-07-29 13:40:26,https://in.tradingview.com/chart/?symbol=NSE:GRASIM,3113.0,48.483270188593465,0.004193548387096735,0.11857707509881421,0.11673123834122556,3124.976000000001,2875.0770000000034,3121.3479812262785,3061.0715590895743,Up
GRAVITA,Metals & Mining,SELL,-1.42,-9.92,-0.92,-0.6,6.51,No,0.02,0.0008386316153887064,49.0,2026-07-29 13:40:26,https://in.tradingview.com/chart/?symbol=NSE:GRAVITA,1615.2,35.39422107439796,-0.00920132499079862,-0.006030769230769173,0.06508407517309589,1696.7900000000002,1661.5874999999996,1730.7498700306176,1810.8169127104625,Up
GREAVESCOT,Capital Goods,BUY,0.4,-0.1,8.94,43.46,45.1,Yes,1.73,0.32818928803834735,90.0,2026-07-29 13:40:26,https://in.tradingview.com/chart/?symbol=NSE:GREAVESCOT,239.64,55.241720722610836,0.0893717610691882,0.4346264367816093,0.45104450499545856,211.1518,184.49559999999997,242.92369283727766,233.63534999009954,Up
GREENPANEL,Consumer Durables,SELL,0.18,-3.08,0.28,-7.72,-9.68,No,-0.89,-0.1928843584661483,8.0,2026-07-29 13:40:26,https://in.tradingview.com/chart/?symbol=NSE:GREENPANEL,191.54,46.49558815403253,0.0027747238364483895,-0.0771825014453652,-0.09676506649061589,192.28320000000008,222.21529999999996,193.4476166506009,209.812869210723,Up
GRINFRA,Construction,SELL,2.17,0.37,-3.21,-2.63,-2.04,No,-0.81,-0.1238668626081346,20.0,2026-07-29 13:40:26,https://in.tradingview.com/chart/?symbol=NSE:GRINFRA,887.0,47.508976026473036,-0.03208206023570492,-0.02634467618002201,-0.020376608316306832,901.7539999999999,975.5369999999996,883.6436843416858,940.4009026076349,Up
GRSE,Capital Goods,SELL,0.59,1.44,-3.67,-8.67,14.09,Yes,-0.2,-0.004630335371768355,48.0,2026-07-29 13:40:26,https://in.tradingview.com/chart/?symbol=NSE:GRSE,2626.1,48.11758568370299,-0.0367177756584256,-0.08666921712516962,0.14088973846554853,2667.7679999999987,2575.4715,2611.4737145021754,2745.5657829275924,Up
GRWRHITECH,Capital Goods,BUY,-1.69,4.28,4.83,77.13,129.6,Yes,3.05,0.9927900900940324,99.0,2026-07-29 13:40:26,https://in.tradingview.com/chart/?symbol=NSE:GRWRHITECH,7000.0,57.8258620721154,0.048296518157993296,0.7713447036793359,1.2959853056940434,6481.2159999999985,4409.378499999999,6982.476989447675,6468.829125221717,Up
GSFC,Chemicals,SELL,0.66,2.86,-0.74,-7.44,-7.75,No,-1.11,-0.11824968235644462,21.0,2026-07-29 13:40:26,https://in.tradingview.com/chart/?symbol=NSE:GSFC,160.64,50.80572443873954,-0.007414730598121699,-0.07438778450014416,-0.07752383140002295,163.08840000000004,172.46309999999997,158.77468598554418,162.5029087931499,Up
GULFOILLUB,Oil Gas & Consumable Fuels,SELL,2.42,7.97,-0.1,7.14,-3.35,No,0.02,-0.03007146383741042,41.0,2026-07-29 13:40:26,https://in.tradingview.com/chart/?symbol=NSE:GULFOILLUB,1060.7,58.30594794380015,-0.0009889333647280507,0.07136003232159993,-0.03353075170842823,994.3799999999999,1072.2700000000007,1032.6023087381634,1061.1098158183252,Up
GVT&D,Capital Goods,SELL,-0.54,-8.48,-17.04,-9.27,54.75,Yes,0.57,0.2861451551507883,88.0,2026-07-29 13:40:26,https://in.tradingview.com/chart/?symbol=NSE:GVT&D,4101.6,34.79004315625488,-0.17038834951456305,-0.09272695098212702,0.5475399939631755,4757.624,3752.3320000000003,4281.5156546041,4661.014194822557,Up
HAL,Capital Goods,HOLD,-0.18,0.38,4.81,5.77,5.49,Yes,0.22,0.016408446529413447,52.0,2026-07-29 13:40:26,https://in.tradingview.com/chart/?symbol=NSE:HAL,4592.0,61.4632858684503,0.04811467177942119,0.05772331505965833,0.054856197739593826,4397.570000000001,4369.9185,4564.760954939406,4362.0774495082005,Up
HAPPSTMNDS,Information Technology,SELL,0.59,5.02,13.08,4.0,-6.52,No,-0.31,-0.11832139577609556,21.0,2026-07-29 13:40:26,https://in.tradingview.com/chart/?symbol=NSE:HAPPSTMNDS,385.65,58.21450449766292,0.13077261398621887,0.040048543689320315,-0.06520421767058548,363.9740000000001,415.42500000000007,379.2744962631321,359.8834040492954,Up
HAVELLS,Consumer Durables,SELL,0.81,2.48,6.7,-2.77,-5.7,No,-0.84,-0.09424083687473384,28.0,2026-07-29 13:40:26,https://in.tradingview.com/chart/?symbol=NSE:HAVELLS,1237.0,61.26421175111157,0.06702320365737946,-0.027668605565162707,-0.05702088733038568,1186.1660000000002,1326.3815000000002,1218.7808710062334,1159.0711509469202,Up
HBLENGINE,Capital Goods,SELL,1.89,-0.64,-12.83,-11.53,-2.55,No,-0.65,-0.06539956174753331,34.0,2026-07-29 13:40:26,https://in.tradingview.com/chart/?symbol=NSE:HBLENGINE,708.05,36.69171757057235,-0.12828562634656826,-0.11532454551133886,-0.025529865125240914,775.1159999999999,805.8845,716.4670461523721,756.4772276073244,Up
HCC,Construction,SELL,1.28,-3.22,-16.76,-4.69,11.78,Yes,-0.07,-0.034238918354730016,40.0,2026-07-29 13:40:26,https://in.tradingview.com/chart/?symbol=NSE:HCC,21.35,36.369058868003656,-0.16764132553606226,-0.04687499999999989,0.11780104712041894,23.597599999999993,20.658400000000004,21.885723237578603,23.6951108879869,Up
HCG,Healthcare,HOLD,-0.79,0.45,7.48,16.8,7.72,Yes,0.87,0.10963858780693359,69.0,2026-07-29 13:40:26,https://in.tradingview.com/chart/?symbol=NSE:HCG,674.0,58.42557135986975,0.07478870993461961,0.16800970453166975,0.07722797596215325,643.4269999999999,638.0205499999998,669.5467924370653,624.1327913658623,Up
HCLTECH,Information Technology,SELL,1.95,8.65,25.42,12.4,-21.07,No,0.06,-0.03592803975059782,40.0,2026-07-29 13:40:26,https://in.tradingview.com/chart/?symbol=NSE:HCLTECH,1344.3,74.72215768099184,0.25424519499906695,0.12399665551839467,-0.21067465210498504,1168.9820000000002,1415.9784999999993,1271.8146120159283,1239.4656457173187,Up
HDFCAMC,Financial Services,SELL,0.42,-0.16,-4.19,-7.91,1.72,No,-0.57,-0.06919553913722343,33.0,2026-07-29 13:40:26,https://in.tradingview.com/chart/?symbol=NSE:HDFCAMC,2541.9,42.75342562049585,-0.041949344188150106,-0.0790884718498659,0.01720757133138573,2636.5659999999993,2642.245500000001,2566.230404473072,2718.3223386847503,Up
HDFCBANK,Financial Services,SELL,1.74,-0.66,-6.23,-4.39,-18.56,No,-1.38,-0.1565764740708073,15.0,2026-07-29 13:40:26,https://in.tradingview.com/chart/?symbol=NSE:HDFCBANK,748.2,38.340381276511664,-0.062347264866219665,-0.043894958788575744,-0.18558833133775987,777.2060000000004,877.5559999999999,757.6573632077326,777.6576825266263,Up
HDFCLIFE,Financial Services,SELL,-0.37,0.65,-3.33,-5.67,-23.22,No,-1.59,-0.17141059443803072,12.0,2026-07-29 13:40:26,https://in.tradingview.com/chart/?symbol=NSE:HDFCLIFE,556.7,44.03966749306556,-0.03325518798298166,-0.056680504956366895,-0.23224382843745683,576.1779999999999,671.0882499999997,557.763181701324,586.998713017301,Up
HEG,Capital Goods,HOLD,3.32,12.32,30.18,2.05,22.76,Yes,0.57,0.1656265443188042,77.0,2026-07-29 13:40:26,https://in.tradingview.com/chart/?symbol=NSE:HEG,672.65,75.22683584419649,0.3018192374685502,0.02048092240006061,0.22757550871429855,561.7589999999999,556.3942499999998,630.448962559533,582.876266691975,Up
HEMIPROP,Services,SELL,0.65,-0.41,-2.76,4.16,1.37,No,0.15,0.004372871855530414,49.0,2026-07-29 13:40:26,https://in.tradingview.com/chart/?symbol=NSE:HEMIPROP,134.84,44.92279409713025,-0.027619528376721547,0.04163769795287764,0.013682153059690227,139.17499999999995,136.81284999999994,135.17289475349122,142.01388119470482,Up
HERITGFOOD,Fast Moving Consumer Goods,SELL,1.69,-0.53,0.15,-9.86,-20.55,No,-1.42,-0.20793258680959767,7.0,2026-07-29 13:40:26,https://in.tradingview.com/chart/?symbol=NSE:HERITGFOOD,328.75,47.93251020406353,0.0015232292460014563,-0.09857417055113793,-0.20553407443209282,328.042,385.134,329.6000750192596,341.72705984357873,Up
HEROMOTOCO,Automobile and Auto Components,SELL,-0.1,3.25,7.4,1.6,-6.18,No,-0.1,0.010029903085510376,51.0,2026-07-29 13:40:26,https://in.tradingview.com/chart/?symbol=NSE:HEROMOTOCO,5149.1,60.30055697252332,0.07400454706630799,0.016002367797947947,-0.06183838935956998,4943.364,5404.563500000001,5068.5255380097215,4871.773220644968,Up
HEXT,Information Technology,HOLD,4.24,12.28,20.09,36.23,-14.8,Yes,0.93,0.0319707324718795,55.0,2026-07-29 13:40:26,https://in.tradingview.com/chart/?symbol=NSE:HEXT,618.3,71.50228095966692,0.20093231038166448,0.3623443869119751,-0.14799503927242674,529.647,594.9100000000001,573.3175171339686,537.8391532688419,Up
HFCL,Telecommunication,SELL,2.74,-11.17,-9.06,80.49,210.34,Yes,3.29,1.3176954297636898,99.0,2026-07-29 13:40:26,https://in.tradingview.com/chart/?symbol=NSE:HFCL,193.56,43.68012528462745,-0.09062720225510923,0.8049235359940321,2.1034151034151036,194.5129999999999,107.32445,201.43467898414656,218.77675589793043,Up
HGINFRA,Construction,SELL,-0.4,-2.39,-6.42,-12.08,-19.46,No,-1.88,-0.27476410953177516,2.0,2026-07-29 13:40:26,https://in.tradingview.com/chart/?symbol=NSE:HGINFRA,534.0,35.5505679617936,-0.06422500657145358,-0.12077056063225489,-0.1945701357466063,567.6069999999999,667.86575,543.0510615654405,573.1647905325774,Up
HIKAL,Healthcare,SELL,2.02,3.62,0.0,17.93,10.92,Yes,0.46,0.0063058922398103595,50.0,2026-07-29 13:40:26,https://in.tradingview.com/chart/?symbol=NSE:HIKAL,221.38,51.147547470690554,0.0,0.17930961005753243,0.10922938170157326,210.95700000000008,210.21100000000007,221.40961747924365,241.2461562164584,Up
HINDALCO,Metals & Mining,SELL,2.78,1.31,0.61,-10.41,1.91,Yes,-0.29,0.08934583620085515,64.0,2026-07-29 13:40:26,https://in.tradingview.com/chart/?symbol=NSE:HINDALCO,962.45,47.71207546943014,0.006115408739284955,-0.10411430699059843,0.019058711419344565,1013.0339999999998,931.4977499999998,951.2434462350808,998.0486269507326,Up
HINDCOPPER,Metals & Mining,SELL,2.18,-1.19,-3.52,-13.11,-9.13,No,-0.37,0.16163651296087672,76.0,2026-07-29 13:40:26,https://in.tradingview.com/chart/?symbol=NSE:HINDCOPPER,483.45,43.172098400336964,-0.0352225104769508,-0.13111071171818833,-0.09134479842120091,510.0910000000001,485.15599999999995,484.36233519255217,513.848373920017,Up
HINDPETRO,Oil Gas & Consumable Fuels,SELL,-1.82,-0.62,-0.43,3.34,-8.17,No,-0.09,-0.04853578073679532,37.0,2026-07-29 13:40:26,https://in.tradingview.com/chart/?symbol=NSE:HINDPETRO,392.75,49.15712192498526,-0.004309798453542846,0.03341665570319696,-0.08171615618424122,392.84700000000004,419.3827500000002,394.20245774992765,379.6638289422584,Up
HINDUNILVR,Fast Moving Consumer Goods,SELL,4.7,-1.71,-0.02,-7.5,-11.41,No,-1.18,-0.11755454351542602,21.0,2026-07-29 13:40:26,https://in.tradingview.com/chart/?symbol=NSE:HINDUNILVR,2117.8,46.91297787073071,-0.00018883958077597907,-0.07499454029264019,-0.11411361164561185,2155.522000000001,2290.427000000001,2123.8177365573556,2225.729645633746,Up
HINDZINC,Metals & Mining,SELL,1.86,0.24,0.67,-12.89,-19.69,No,-0.78,-0.02767260148482127,42.0,2026-07-29 13:40:26,https://in.tradingview.com/chart/?symbol=NSE:HINDZINC,536.7,48.688526751606275,0.006658538872737596,-0.12887518260022723,-0.19685746352413014,562.005,565.2937500000002,530.9688413495475,555.8687178988635,Up
HOMEFIRST,Financial Services,HOLD,-0.93,-4.42,2.69,4.13,11.58,Yes,0.17,-0.003319076191413403,48.0,2026-07-29 13:40:26,https://in.tradingview.com/chart/?symbol=NSE:HOMEFIRST,1170.0,45.67282903784019,0.026856240126382325,0.04129583481666077,0.11577341216860582,1149.1020000000003,1132.2974999999997,1199.2336486802292,1160.9751335866242,Up
HONASA,Fast Moving Consumer Goods,HOLD,-0.61,-1.6,-1.87,29.68,62.96,Yes,2.58,0.48532218748581235,96.0,2026-07-29 13:40:26,https://in.tradingview.com/chart/?symbol=NSE:HONASA,449.35,50.88575797361489,-0.018672199170124415,0.2968253968253969,0.629555757026292,430.021,328.88750000000005,453.78896742797065,437.55246673570076,Up
HONAUT,Capital Goods,HOLD,6.92,5.28,0.93,28.32,23.82,Yes,1.21,0.1787729292733694,78.0,2026-07-29 13:40:26,https://in.tradingview.com/chart/?symbol=NSE:HONAUT,40105.0,65.08323020913197,0.0093116899458916,0.28315469524876025,0.2381907996295154,36966.39999999999,33717.450000000026,38371.53227206365,36570.68872605906,Up
HSCL,Chemicals,BUY,2.7,0.21,13.35,34.74,67.83,Yes,2.17,0.5055339704552989,96.0,2026-07-29 13:40:26,https://in.tradingview.com/chart/?symbol=NSE:HSCL,769.9,61.45836217764394,0.13353945818610113,0.34739236961848086,0.6782561307901906,673.0150000000001,527.39575,760.0797937380137,706.4146778365283,Up
HUDCO,Financial Services,SELL,0.39,-1.57,-4.78,-9.23,-5.75,No,-0.87,-0.10577750865681254,24.0,2026-07-29 13:40:26,https://in.tradingview.com/chart/?symbol=NSE:HUDCO,195.21,39.16054156808898,-0.04784899034240564,-0.09225761450825387,-0.057457389792863744,205.6176,207.90355000000002,198.69293854950033,209.4914846191549,Up
HYUNDAI,Automobile and Auto Components,SELL,-0.45,2.43,4.59,9.19,-12.51,No,0.06,-0.031310697743088256,41.0,2026-07-29 13:40:26,https://in.tradingview.com/chart/?symbol=NSE:HYUNDAI,1992.9,54.8440904424108,0.04586722644975083,0.091880341880342,-0.12507682851874624,1939.1479999999995,2105.6174999999994,1978.7740535150883,1872.0588082485676,Up
ICICIBANK,Financial Services,HOLD,0.5,-0.19,4.56,11.29,6.87,Yes,0.83,0.06318787987565251,61.0,2026-07-29 13:40:26,https://in.tradingview.com/chart/?symbol=NSE:ICICIBANK,1437.9,60.70075578833446,0.045593368237347276,0.11292569659442742,0.06867335562987753,1350.456,1348.421999999999,1435.1863311285952,1393.0614819200841,Up
ICICIGI,Financial Services,SELL,-2.08,4.12,-5.33,-6.94,-9.64,No,-0.98,-0.11382620088930742,22.0,2026-07-29 13:40:26,https://in.tradingview.com/chart/?symbol=NSE:ICICIGI,1648.8,41.18642770302026,-0.053338692082448236,-0.06942092786996279,-0.09639940812188308,1757.498,1862.2085000000006,1664.74991611864,1742.5294978784264,Up
ICICIPRULI,Financial Services,SELL,0.53,2.66,5.09,-1.49,-21.49,No,-0.81,-0.11511145251258123,22.0,2026-07-29 13:40:26,https://in.tradingview.com/chart/?symbol=NSE:ICICIPRULI,512.8,56.02283518334175,0.05092734911363861,-0.014888099125924481,-0.2148817270152339,497.5810000000001,580.4245000000001,506.1685625302104,478.0518378240281,Up
ICIL,Textiles,BUY,0.27,3.48,-6.02,49.7,77.14,Yes,1.94,0.5361084261463583,97.0,2026-07-29 13:40:26,https://in.tradingview.com/chart/?symbol=NSE:ICIL,411.85,58.870331750403146,-0.06023958927552764,0.4969831346321605,0.7713978494623657,375.3819999999999,299.60925,404.64126485467807,384.29033458109643,Up
IDBI,Financial Services,SELL,-1.44,-2.08,0.73,9.5,-15.87,No,0.16,-0.04213865013035667,38.0,2026-07-29 13:40:26,https://in.tradingview.com/chart/?symbol=NSE:IDBI,84.14,51.08738817806156,0.00730276547348252,0.09500260281103579,-0.15868413158684136,80.4646,90.38244999999996,84.97675202733707,78.73259681848495,Up
IDEA,Telecommunication,SELL,0.77,-3.62,-9.75,31.16,28.19,Yes,1.87,0.41307895760360236,94.0,2026-07-29 13:40:26,https://in.tradingview.com/chart/?symbol=NSE:IDEA,13.05,35.535899647296546,-0.09751037344398339,0.31155778894472386,0.2819253438113949,14.091399999999998,11.279250000000001,13.277077742322074,14.075042641375557,Up
IDFCFIRSTB,Financial Services,HOLD,-0.85,5.33,6.96,23.74,0.97,Yes,1.49,0.1482051428928034,74.0,2026-07-29 13:40:26,https://in.tradingview.com/chart/?symbol=NSE:IDFCFIRSTB,85.02,67.10719679331439,0.06956849918228714,0.23737447242031728,0.009738717339667469,76.9188,76.23405000000002,82.78664512656697,80.75794135426102,Up
IEX,Financial Services,HOLD,1.57,8.67,7.24,6.55,2.39,Yes,0.16,-0.03920018583771723,39.0,2026-07-29 13:40:26,https://in.tradingview.com/chart/?symbol=NSE:IEX,134.19,68.2392505565832,0.07240469911292258,0.06550738446879456,0.023882191362734506,123.71640000000004,130.35050000000004,127.12633797648724,123.38919077437887,Up
IFBIND,Consumer Durables,SELL,1.23,0.66,3.18,12.9,-0.95,No,0.31,-0.014465252818059084,45.0,2026-07-29 13:40:26,https://in.tradingview.com/chart/?symbol=NSE:IFBIND,1328.7,53.73908687833248,0.03183971421915044,0.12898292123374966,-0.009467720292232085,1266.5719999999997,1350.5229999999988,1324.3428474290872,1267.7893098909897,Up
IFCI,Financial Services,SELL,4.06,-0.24,-4.78,18.83,21.26,Yes,0.88,0.20590859946674903,81.0,2026-07-29 13:40:26,https://in.tradingview.com/chart/?symbol=NSE:IFCI,71.3,44.56949125767033,-0.047809829059829,0.18833333333333324,0.2125850340136055,74.47019999999998,60.50380000000001,71.3379108576849,77.37615022385903,Up
IGIL,Services,SELL,5.55,-0.42,-2.29,-2.88,15.22,Yes,-0.04,-0.0007626692152105999,49.0,2026-07-29 13:40:26,https://in.tradingview.com/chart/?symbol=NSE:IGIL,347.0,50.06723152817009,-0.022948050119667718,-0.028827315980968438,0.15224970944711935,355.50899999999996,337.3660000000002,340.9290750482169,360.90477055039656,Up
IGL,Oil Gas & Consumable Fuels,SELL,1.47,1.01,-7.2,-8.13,-14.82,No,-1.4,-0.17120701303429053,12.0,2026-07-29 13:40:26,https://in.tradingview.com/chart/?symbol=NSE:IGL,152.91,45.2427812621707,-0.0720354411943197,-0.08134574947431661,-0.14822860962566853,159.15300000000002,175.73939999999993,151.73747514279512,158.52906302893456,Up
IIFL,Financial Services,HOLD,2.19,4.34,17.19,35.85,10.46,Yes,1.52,0.2243997956835709,82.0,2026-07-29 13:40:26,https://in.tradingview.com/chart/?symbol=NSE:IIFL,595.1,67.66146624935993,0.17191807798345815,0.35852071681314923,0.10459396751740146,520.79,520.14925,571.4731229399727,533.9168194564942,Up
IIFLCAPS,Financial Services,HOLD,-0.22,-2.16,-0.77,4.03,-2.96,Yes,0.22,0.01089855846090926,51.0,2026-07-29 13:40:26,https://in.tradingview.com/chart/?symbol=NSE:IIFLCAPS,335.55,42.207220766762674,-0.007688895460594258,0.040336082346375646,-0.02964141122035857,340.53799999999995,326.21999999999986,337.9811321637539,328.9063226625294,Up
IKS,Information Technology,HOLD,-0.14,0.08,8.19,19.4,7.89,Yes,1.07,0.15635772346087184,75.0,2026-07-29 13:40:26,https://in.tradingview.com/chart/?symbol=NSE:IKS,1817.0,51.27925223760744,0.08193402405621053,0.19398081219608354,0.07891455376759104,1744.4979999999996,1614.0584999999994,1827.429811944384,1744.079930107395,Up
IMAGICAA,Consumer Services,SELL,-0.84,-3.08,-5.77,-0.69,-12.15,No,-0.48,-0.12073543086122894,20.0,2026-07-29 13:40:26,https://in.tradingview.com/chart/?symbol=NSE:IMAGICAA,45.9,46.91243133538332,-0.05768835967973729,-0.00692340977931627,-0.12153110047846893,45.556999999999995,47.215699999999984,46.49437140416591,43.89839696999772,Up
IMFA,Metals & Mining,HOLD,2.09,0.2,8.43,-15.88,22.55,Yes,-0.08,0.18363982865855014,78.0,2026-07-29 13:40:26,https://in.tradingview.com/chart/?symbol=NSE:IMFA,1372.7,50.0238523748528,0.08428120063191158,-0.15883326184202462,0.2255155789661638,1398.9140000000002,1332.9174999999996,1360.8073510261152,1427.6084194326327,Up
INDGN,Healthcare,SELL,2.89,6.05,-0.42,4.87,10.1,Yes,0.18,0.014701957819914305,51.0,2026-07-29 13:40:26,https://in.tradingview.com/chart/?symbol=NSE:INDGN,523.2,59.34346072414714,-0.004187285877426561,0.048707155742633956,0.10101010101010122,512.7539999999999,505.984,507.1269545324333,527.1095028808066,Up
INDHOTEL,Consumer Services,HOLD,0.48,1.84,3.4,13.14,12.44,Yes,0.82,0.06713558936486053,61.0,2026-07-29 13:40:26,https://in.tradingview.com/chart/?symbol=NSE:INDHOTEL,738.2,58.4004544032952,0.033965964003081384,0.13142769560885892,0.12436219632929713,701.641,689.3587500000004,732.1942095628395,703.629023780557,Up
INDIACEM,Construction Materials,SELL,2.12,-2.8,5.61,-5.01,-13.28,No,-0.41,-0.010910562338909434,46.0,2026-07-29 13:40:26,https://in.tradingview.com/chart/?symbol=NSE:INDIACEM,398.2,53.530457147694214,0.056093356318790644,-0.05009541984732824,-0.1328397212543554,388.45999999999987,404.77574999999996,398.0065429788482,373.99420924275574,Up
INDIAGLYCO,Fast Moving Consumer Goods,BUY,-0.34,0.3,15.98,18.95,34.82,Yes,1.24,0.22739453828190526,82.0,2026-07-29 13:40:26,https://in.tradingview.com/chart/?symbol=NSE:INDIAGLYCO,1143.95,59.93431322910256,0.15978101079738427,0.1895081626286783,0.34820271066588093,1034.2989999999998,988.335,1147.5873060936417,1066.566752938783,Up
INDIAMART,Consumer Services,SELL,0.46,-3.79,-8.15,-17.77,-20.82,No,-2.61,-0.23067527970482843,5.0,2026-07-29 13:40:26,https://in.tradingview.com/chart/?symbol=NSE:INDIAMART,1751.0,29.033694063879206,-0.08151489718841798,-0.1776640210397784,-0.2081939043140093,1954.0079999999998,2152.1465,1805.7096361579574,1895.1528692618858,Up
INDIANB,Financial Services,SELL,-0.79,0.02,1.35,-7.63,-7.7,No,-0.31,0.018404355130175333,52.0,2026-07-29 13:40:26,https://in.tradingview.com/chart/?symbol=NSE:INDIANB,827.7,48.794054092559755,0.013530888385477446,-0.0763307666555072,-0.07700027878449955,832.5679999999999,856.1994999999995,831.345373168501,785.5877818909571,Up
INDIASHLTR,Financial Services,SELL,-0.75,-6.17,-6.02,-11.05,-7.39,No,-1.13,-0.1533476314270933,15.0,2026-07-29 13:40:26,https://in.tradingview.com/chart/?symbol=NSE:INDIASHLTR,723.0,31.476201812629622,-0.060245661922402105,-0.1104822834645669,-0.07390803125400291,774.2959999999997,798.5537500000004,752.0983045827654,791.3276848550847,Up
INDIGO,Services,SELL,0.11,3.12,-1.71,18.78,7.49,Yes,0.67,0.04808106740453716,59.0,2026-07-29 13:40:26,https://in.tradingview.com/chart/?symbol=NSE:INDIGO,5276.5,56.23923270361042,-0.01711869458311599,0.1877588690797769,0.07486249745365647,4930.060000000001,4958.141000000001,5201.3358685008825,5323.2782020359855,Up
INDIGOPNTS,Consumer Durables,HOLD,3.35,3.52,8.57,27.4,0.8,Yes,1.12,0.10706718075734825,69.0,2026-07-29 13:40:26,https://in.tradingview.com/chart/?symbol=NSE:INDIGOPNTS,1102.3,62.4820729573858,0.08574242797340559,0.2739670615429066,0.00804755372656607,1022.8109999999999,1025.9267499999999,1070.9567401812533,991.4341280006439,Up
INDUSINDBK,Financial Services,SELL,2.05,-5.33,9.53,14.31,12.17,Yes,1.13,0.18428410090449993,79.0,2026-07-29 13:40:26,https://in.tradingview.com/chart/?symbol=NSE:INDUSINDBK,1012.3,54.830599081117924,0.09532568708071842,0.14313138727344588,0.12172419524627398,953.7460000000002,882.7634999999998,1012.2550999270957,1069.6189727642397,Up
INDUSTOWER,Telecommunication,SELL,1.19,-2.2,-1.42,-6.72,-7.88,No,-0.78,-0.03718970782882838,40.0,2026-07-29 13:40:26,https://in.tradingview.com/chart/?symbol=NSE:INDUSTOWER,386.15,39.55280232740894,-0.014169006893030356,-0.06715786930788747,-0.07884064885496189,409.242,414.85775,391.634944524877,413.4054882990733,Up
INFY,Information Technology,SELL,4.51,9.84,15.51,0.3,-30.53,No,-0.85,-0.15699917234377456,14.0,2026-07-29 13:40:26,https://in.tradingview.com/chart/?symbol=NSE:INFY,1155.6,62.73732938577178,0.1551379448220711,0.0030379307351793283,-0.30532010820559063,1111.092,1359.5520000000008,1090.3169866801018,1051.8824218643413,Up
INGERRAND,Capital Goods,SELL,0.71,-5.63,-4.79,0.96,36.96,Yes,0.47,0.10515937811266417,68.0,2026-07-29 13:40:26,https://in.tradingview.com/chart/?symbol=NSE:INGERRAND,4285.0,43.23923408578205,-0.04794703163881986,0.009565545188954916,0.36962219523109385,4347.438,3899.9504999999995,4382.699234257516,4254.701495349526,Up
INNOVACAP,Healthcare,HOLD,1.43,-0.33,-0.77,34.79,48.41,Yes,1.88,0.29273813105928687,89.0,2026-07-29 13:40:26,https://in.tradingview.com/chart/?symbol=NSE:INNOVACAP,970.9,52.70043548456537,-0.007716285962491742,0.34791059280855197,0.48410272088046447,934.8679999999998,782.9542499999998,969.351188981879,904.263571543685,Up
INOXGREEN,Power,SELL,-6.23,-5.65,-8.08,1.46,5.19,No,-0.01,-0.0277847008652625,42.0,2026-07-29 13:40:26,https://in.tradingview.com/chart/?symbol=NSE:INOXGREEN,182.55,41.931464247252286,-0.08081570996978849,0.01461760782570054,0.05185825410544509,188.853,192.7694,191.34809602460422,211.6493262429631,Up
INOXINDIA,Capital Goods,HOLD,-0.75,-7.85,-3.91,26.53,69.03,Yes,1.74,0.4663874484041684,95.0,2026-07-29 13:40:26,https://in.tradingview.com/chart/?symbol=NSE:INOXINDIA,1881.8,47.42013195045332,-0.039113562091503296,0.2653308230231306,0.6902901284469596,1797.7520000000002,1359.1735,1956.9484825292916,1788.3341519360306,Up
INOXWIND,Capital Goods,SELL,0.87,-0.09,-15.0,-25.68,-28.34,No,-2.32,-0.3635383153481397,1.0,2026-07-29 13:40:26,https://in.tradingview.com/chart/?symbol=NSE:INOXWIND,76.6,34.935189899634594,-0.1500221926320463,-0.2568157562821384,-0.28337543268780996,86.13379999999997,107.31344999999997,77.72412958288774,83.138969852528,Up
INTELLECT,Information Technology,SELL,-0.59,-2.49,0.38,-4.5,-22.04,No,-0.91,-0.19081795653739347,9.0,2026-07-29 13:40:26,https://in.tradingview.com/chart/?symbol=NSE:INTELLECT,720.0,41.7177689566479,0.003834088532589819,-0.04502951124079857,-0.22039954523306804,740.3800000000001,836.6119999999993,733.9120737304145,703.8756347711676,Up
IOB,Financial Services,SELL,-0.15,-2.31,-0.88,-3.37,-2.79,No,-0.79,-0.08332575616948759,29.0,2026-07-29 13:40:26,https://in.tradingview.com/chart/?symbol=NSE:IOB,33.79,46.362471240765565,-0.00880023467292479,-0.033743208464398045,-0.027905638665132293,33.9384,35.53934999999999,34.056585149257906,33.45520744546076,Up
IOC,Oil Gas & Consumable Fuels,SELL,-0.83,-1.35,0.52,-3.63,-11.91,No,-0.61,-0.07104512088213583,33.0,2026-07-29 13:40:26,https://in.tradingview.com/chart/?symbol=NSE:IOC,140.11,48.130080228971956,0.005237480269766337,-0.03631611527615364,-0.11908204966991509,140.67819999999998,154.27675000000005,140.72994746797113,136.07747440973816,Up
IONEXCHANG,Utilities,HOLD,1.23,-0.2,3.85,6.15,20.94,Yes,0.32,0.030104386780664773,55.0,2026-07-29 13:40:26,https://in.tradingview.com/chart/?symbol=NSE:IONEXCHANG,423.9,53.02543282659991,0.038461538461538325,0.06147489670714901,0.20941512125534945,395.693,378.28275000000014,425.5242686178983,410.5651089151959,Up
IPCALAB,Healthcare,HOLD,-0.81,-0.78,4.32,15.45,19.45,Yes,1.43,0.21965818087203073,82.0,2026-07-29 13:40:26,https://in.tradingview.com/chart/?symbol=NSE:IPCALAB,1774.5,53.31261037551783,0.043209876543209846,0.15452179570592062,0.19446688206785145,1680.7019999999995,1509.0645000000009,1790.4777463723367,1744.4028964661495,Up
IRB,Construction,SELL,2.72,0.65,-6.72,-8.6,-0.45,No,-0.84,-0.08575314954872396,29.0,2026-07-29 13:40:26,https://in.tradingview.com/chart/?symbol=NSE:IRB,19.98,44.2956633007241,-0.06722689075630262,-0.08600182982616644,-0.004484304932735439,20.8364,21.099700000000002,19.80878804149959,20.564128415616732,Up
IRCON,Construction,SELL,1.73,-0.39,-3.36,-17.71,-19.75,No,-1.83,-0.22918111649101747,5.0,2026-07-29 13:40:26,https://in.tradingview.com/chart/?symbol=NSE:IRCON,126.67,39.78278537664368,-0.03356984817273212,-0.17709348405119207,-0.19747845919918905,134.00639999999996,149.53045000000003,127.11759568600672,133.65089839362565,Up
IRCTC,Consumer Services,SELL,2.07,0.39,-1.37,-8.8,-21.13,No,-2.12,-0.21052777522189903,7.0,2026-07-29 13:40:26,https://in.tradingview.com/chart/?symbol=NSE:IRCTC,496.0,43.9654514969237,-0.0137204215549811,-0.08798381906775765,-0.21125864673610562,511.77299999999997,597.5469999999998,495.48525698971383,513.44254537405,Up
IREDA,Financial Services,SELL,0.27,0.95,-6.12,-12.48,-7.01,No,-1.36,-0.15253932694797037,15.0,2026-07-29 13:40:26,https://in.tradingview.com/chart/?symbol=NSE:IREDA,120.82,42.636043909744274,-0.06115471287590335,-0.12480985150307866,-0.07011467713384145,124.83420000000002,131.88415000000006,120.914246520185,126.5689290643059,Up
IRFC,Financial Services,SELL,2.27,1.99,-1.55,-15.23,-23.83,No,-2.12,-0.23353259663533027,4.0,2026-07-29 13:40:26,https://in.tradingview.com/chart/?symbol=NSE:IRFC,89.13,45.36093851454304,-0.015464486910416464,-0.15227315959672827,-0.2383353272944796,93.37499999999997,107.63635000000002,88.19595266959226,91.52291663011601,Up
ISGEC,Construction,SELL,0.89,-2.32,-7.66,-22.07,15.48,No,-1.36,-0.11870003002703014,21.0,2026-07-29 13:40:26,https://in.tradingview.com/chart/?symbol=NSE:ISGEC,853.25,32.977343351020956,-0.07661923056111675,-0.22074067309009548,0.15483521689111446,926.268,897.8875000000005,865.2575767605895,916.970156349588,Up
ITC,Fast Moving Consumer Goods,SELL,0.56,1.94,-0.24,-5.98,-11.88,No,-1.88,-0.17272949084464523,12.0,2026-07-29 13:40:26,https://in.tradingview.com/chart/?symbol=NSE:ITC,286.25,53.3484041332665,-0.0024394493814252627,-0.059779931023156485,-0.11882407264891492,287.3249999999999,334.5015,283.5757270477505,288.07951234697373,Up
ITCHOTELS,Consumer Services,SELL,1.25,-0.49,-9.43,3.22,-11.79,No,-0.58,-0.1356157467805223,18.0,2026-07-29 13:40:26,https://in.tradingview.com/chart/?symbol=NSE:ITCHOTELS,163.02,42.74485205706133,-0.09428301572309572,0.03216411295428645,-0.11785714285714288,165.7304,179.90765000000013,165.57723361064646,174.50615735301707,Up
ITI,Telecommunication,SELL,1.37,-1.25,-6.9,-9.28,-4.66,No,-1.06,-0.10497169419514304,24.0,2026-07-29 13:40:26,https://in.tradingview.com/chart/?symbol=NSE:ITI,277.15,37.70721828718729,-0.06902922405105816,-0.09282838532290272,-0.04661162710698319,293.61300000000006,296.2093499999999,278.9976832467977,296.0651432383258,Up
IXIGO,Consumer Services,SELL,1.6,1.9,-0.84,15.15,-17.32,No,0.15,-0.0784394526549464,31.0,2026-07-29 13:40:26,https://in.tradingview.com/chart/?symbol=NSE:IXIGO,195.0,50.29364686070355,-0.008390541571319687,0.15152946734380524,-0.17320330718677124,185.4238,214.04385000000008,194.39436604601272,206.15263833732243,Up
J&KBANK,Financial Services,SELL,-12.79,-14.01,-0.07,20.32,44.39,Yes,1.3,0.33424584973467153,91.0,2026-07-29 13:40:26,https://in.tradingview.com/chart/?symbol=NSE:J&KBANK,154.63,39.08423000208406,-0.0007108698461937291,0.20315904139433538,0.4439256699971985,160.49179999999998,123.57639999999998,172.82009976238857,192.3019384859484,Up
JAMNAAUTO,Automobile and Auto Components,HOLD,0.05,0.03,0.46,7.1,10.56,Yes,0.76,0.1991801985829012,80.0,2026-07-29 13:40:26,https://in.tradingview.com/chart/?symbol=NSE:JAMNAAUTO,131.97,49.776702191419076,0.0045672527974423005,0.07101119948060375,0.10564678284182305,128.2234,121.87150000000004,132.87120444496205,127.13585370927763,Up
JBMA,Automobile and Auto Components,SELL,2.57,0.5,-3.12,4.76,22.47,Yes,0.45,0.08033365523976058,63.0,2026-07-29 13:40:26,https://in.tradingview.com/chart/?symbol=NSE:JBMA,676.0,50.66420009418624,-0.031171623074166988,0.0475747714241439,0.22474861853428751,673.94,618.7390000000004,668.4193035392801,704.9747575254835,Up
JINDALSAW,Capital Goods,HOLD,0.17,-2.85,-1.49,7.21,37.04,Yes,0.78,0.1978006782201659,80.0,2026-07-29 13:40:26,https://in.tradingview.com/chart/?symbol=NSE:JINDALSAW,257.6,49.33203126672015,-0.014876285900034314,0.07208257033460974,0.37035854878178553,251.54340000000002,203.14704999999995,259.00968384604124,244.56046384395484,Up
JINDALSTEL,Metals & Mining,SELL,3.25,4.18,2.7,-13.97,1.18,No,-0.95,-0.011094911114734304,46.0,2026-07-29 13:40:26,https://in.tradingview.com/chart/?symbol=NSE:JINDALSTEL,1088.7,56.31125147199878,0.026978586925761938,-0.13970762544448834,0.011802973977695252,1110.0720000000001,1115.7074999999995,1054.9137123136977,1100.6964352476102,Up
JINDWORLD,Textiles,BUY,-2.23,2.72,27.12,44.05,54.62,Yes,1.24,0.2668590416219959,86.0,2026-07-29 13:40:26,https://in.tradingview.com/chart/?symbol=NSE:JINDWORLD,38.16,65.68781294145153,0.2711525649566955,0.4405436013590034,0.546191247974068,30.761599999999998,29.040550000000014,36.45145042447959,32.15876654551577,Up
JIOFIN,Financial Services,SELL,5.23,6.25,5.52,-0.53,-5.0,No,-0.55,-0.0948112581830988,27.0,2026-07-29 13:40:26,https://in.tradingview.com/chart/?symbol=NSE:JIOFIN,249.48,61.98233720730289,0.05515141262053791,-0.005302818866871339,-0.049961919268850075,237.87279999999998,264.221,239.20629907864424,229.98119759535393,Up
JISLJALEQS,Capital Goods,SELL,0.2,0.13,-15.25,-8.95,-17.34,No,-0.99,-0.23877648707831872,4.0,2026-07-29 13:40:26,https://in.tradingview.com/chart/?symbol=NSE:JISLJALEQS,30.13,38.54810671430013,-0.15246132208157526,-0.08945300695074054,-0.17338820301783275,31.682199999999998,37.1901,30.43595132857318,32.675483355137374,Up
JKCEMENT,Construction Materials,HOLD,-0.19,-2.26,3.44,2.91,1.12,Yes,-0.07,-0.036332718509406295,40.0,2026-07-29 13:40:26,https://in.tradingview.com/chart/?symbol=NSE:JKCEMENT,5632.0,57.3606374812842,0.03443842409771336,0.029145728643216184,0.011221833198671316,5349.63,5586.674999999997,5614.574005429951,5231.489822119207,Up
JKIL,Construction,SELL,-0.04,-1.06,-2.42,-6.98,-16.17,No,-1.21,-0.1777107659377728,11.0,2026-07-29 13:40:26,https://in.tradingview.com/chart/?symbol=NSE:JKIL,480.75,42.99420769100711,-0.024155079671166146,-0.06975619195046434,-0.16172624237140365,491.31899999999996,539.1349999999998,487.6590289942061,464.104394314143,Up
JKLAKSHMI,Construction Materials,SELL,0.34,-2.61,-6.77,-14.96,-28.77,No,-2.43,-0.2697113814519583,2.0,2026-07-29 13:40:26,https://in.tradingview.com/chart/?symbol=NSE:JKLAKSHMI,564.85,40.187401394742814,-0.06767351654700005,-0.1495784402288468,-0.28774982661875037,590.0230000000003,698.9889999999997,570.779628771829,602.3653723344943,Up
JKPAPER,Forest Materials,HOLD,-1.56,-0.19,10.71,5.84,20.05,Yes,0.43,0.06184547313532081,61.0,2026-07-29 13:40:26,https://in.tradingview.com/chart/?symbol=NSE:JKPAPER,388.55,58.257037166637595,0.10713776891295068,0.05843094524652681,0.20052525876718685,365.42400000000004,361.2744999999999,389.22397895012546,372.48449198703645,Up
JKTYRE,Automobile and Auto Components,SELL,0.19,2.66,1.9,0.27,-22.81,No,-0.17,-0.029956959183253737,42.0,2026-07-29 13:40:26,https://in.tradingview.com/chart/?symbol=NSE:JKTYRE,401.55,51.16629801413762,0.019033117624666973,0.002746909726557778,-0.228085351787774,393.4900000000002,441.22374999999994,399.1541278284481,382.46935736153625,Up
JMFINANCIL,Financial Services,SELL,0.46,-0.91,0.78,-10.57,-6.11,No,-0.8,-0.1647973433108817,13.0,2026-07-29 13:40:26,https://in.tradingview.com/chart/?symbol=NSE:JMFINANCIL,123.26,46.16628934733308,0.007767149047502198,-0.10570993252557503,-0.061090798293723325,125.29359999999998,137.02325000000002,123.62250912784573,119.45974704927615,Up
JPPOWER,Power,SELL,0.71,-1.9,-3.57,-14.59,11.3,No,-0.32,-0.08815373774279908,28.0,2026-07-29 13:40:26,https://in.tradingview.com/chart/?symbol=NSE:JPPOWER,17.04,44.512904141183625,-0.035653650254669045,-0.14586466165413536,0.11299804049640749,18.0572,17.30955,17.058904103692235,18.488045033430094,Up
JSFB,Financial Services,HOLD,7.77,3.64,22.1,16.45,47.86,Yes,1.15,0.2521881956376359,85.0,2026-07-29 13:40:26,https://in.tradingview.com/chart/?symbol=NSE:JSFB,572.35,71.21959799563253,0.22101333333333328,0.16449643947100712,0.47855851201239985,483.0150000000001,433.9102500000001,536.3542066606649,495.93407796210096,Up
JSL,Metals & Mining,SELL,0.58,-1.34,5.18,-5.86,-3.76,No,-0.56,-0.03947819700365523,39.0,2026-07-29 13:40:26,https://in.tradingview.com/chart/?symbol=NSE:JSL,728.5,55.00133030807961,0.05175774200534189,-0.05860308845383477,-0.03758504524737438,707.878,754.8755000000004,726.2125905420712,694.9214484271323,Up
JSWCEMENT,Construction Materials,SELL,-1.31,-3.52,-1.82,6.85,11.74,Yes,0.39,0.04244791062394025,57.0,2026-07-29 13:40:26,https://in.tradingview.com/chart/?symbol=NSE:JSWCEMENT,132.46,44.35528943657349,-0.01823302697895035,0.06848431072033567,0.11742871604521676,132.44559999999998,125.16349999999993,135.16256475628307,141.40048658114537,Up
JSWENERGY,Power,SELL,0.27,-2.85,-6.42,-6.06,10.84,Yes,-0.23,0.009364855904180435,50.0,2026-07-29 13:40:26,https://in.tradingview.com/chart/?symbol=NSE:JSWENERGY,545.7,44.2315657355553,-0.06422018348623837,-0.06059562747460823,0.1083578754950747,562.889,518.3010000000002,551.1024892893302,583.8721275526585,Up
JSWINFRA,Services,HOLD,-0.52,-4.08,-1.74,11.09,19.27,Yes,0.65,0.09520758772418311,66.0,2026-07-29 13:40:26,https://in.tradingview.com/chart/?symbol=NSE:JSWINFRA,316.55,45.4931039352067,-0.017383206580785293,0.11093563557240116,0.192727957799548,306.5500000000001,280.336,325.7298486944435,315.4370301615675,Up
JSWSTEEL,Metals & Mining,SELL,2.38,0.77,4.09,-0.39,7.78,Yes,0.16,0.08227797529063481,63.0,2026-07-29 13:40:26,https://in.tradingview.com/chart/?symbol=NSE:JSWSTEEL,1276.6,58.624857674333576,0.04093281148075656,-0.0039013732833957926,0.07784532252617349,1262.7760000000005,1206.7919999999995,1252.5679661123093,1291.8564283747673,Up
JUBLFOOD,Consumer Services,SELL,1.83,5.49,5.39,-8.77,-12.16,No,-1.15,-0.18081132915095308,10.0,2026-07-29 13:40:26,https://in.tradingview.com/chart/?symbol=NSE:JUBLFOOD,440.1,57.04666086432631,0.053879310344827624,-0.087686567164179,-0.1215568862275449,428.49100000000004,504.10549999999995,427.5020339385443,407.03964007301363,Up
JUBLINGREA,Chemicals,HOLD,1.05,-1.31,20.68,1.9,11.51,Yes,0.17,0.022354620671342505,53.0,2026-07-29 13:40:26,https://in.tradingview.com/chart/?symbol=NSE:JUBLINGREA,734.0,56.669436055423176,0.20683985531075288,0.019019852839094797,0.11507785795670333,680.2909999999997,668.7170000000001,734.3847327713506,689.6510233929052,Up
JUBLPHARMA,Healthcare,SELL,1.45,-1.17,0.67,3.71,0.97,No,-0.18,-0.05239030431810347,36.0,2026-07-29 13:40:26,https://in.tradingview.com/chart/?symbol=NSE:JUBLPHARMA,977.4,48.46411816990335,0.006694819239880578,0.03708419544803432,0.009710743801652821,982.0020000000001,990.894750000001,981.2810446991195,950.5271734914515,Up
JUSTDIAL,Consumer Services,SELL,3.49,4.25,43.58,41.35,9.53,Yes,1.01,0.14738358107858215,74.0,2026-07-29 13:40:26,https://in.tradingview.com/chart/?symbol=NSE:JUSTDIAL,753.7,69.32417913831397,0.4357557862653585,0.4135408852213054,0.0953349803807586,590.67,641.1269999999997,728.335547890854,814.0232735679997,Up
JWL,Capital Goods,SELL,5.56,5.13,-3.17,-10.92,-17.83,No,-0.94,-0.17834665376909747,11.0,2026-07-29 13:40:26,https://in.tradingview.com/chart/?symbol=NSE:JWL,259.3,52.142795548502,-0.03174010455563858,-0.10924081071796632,-0.178260180636983,267.65800000000013,288.02790000000005,251.09489184501484,264.2774794157964,Up
JYOTHYLAB,Fast Moving Consumer Goods,SELL,1.21,2.76,7.58,-21.42,-16.99,No,-2.38,-0.2713024914636266,2.0,2026-07-29 13:40:26,https://in.tradingview.com/chart/?symbol=NSE:JYOTHYLAB,206.19,61.13704685927208,0.0757552042573173,-0.21424488396021502,-0.16992753623188406,200.57059999999998,249.5019499999999,201.7157380503031,192.63291974682406,Up
JYOTICNC,Capital Goods,SELL,1.74,3.75,5.86,7.47,-1.41,No,0.12,-0.044623682853479264,38.0,2026-07-29 13:40:26,https://in.tradingview.com/chart/?symbol=NSE:JYOTICNC,820.5,64.72677499901907,0.058573087343568586,0.07465618860510803,-0.01411835386001803,722.991,826.3249999999995,801.2243630437157,735.8575367728722,Up
KAJARIACER,Consumer Durables,HOLD,-0.09,-1.76,-0.2,-0.33,21.59,Yes,0.08,0.033118119095046,56.0,2026-07-29 13:40:26,https://in.tradingview.com/chart/?symbol=NSE:KAJARIACER,1208.0,52.168601474596905,-0.001982815598149501,-0.0033003300330033403,0.21590337191746345,1158.7560000000005,1077.6605000000004,1217.7891781771289,1164.9830026747782,Up
KALYANKJIL,Consumer Durables,HOLD,3.33,5.45,62.55,52.33,68.28,Yes,1.7,0.4140133806239548,94.0,2026-07-29 13:40:26,https://in.tradingview.com/chart/?symbol=NSE:KALYANKJIL,628.6,79.12214315900661,0.6255495215929663,0.5233248515691264,0.6827733904430464,422.02600000000007,438.11299999999994,579.4244555491866,552.4971756486675,Up
KANSAINER,Consumer Durables,SELL,0.91,0.57,-1.96,0.32,-11.99,No,-0.61,-0.1053738449466502,24.0,2026-07-29 13:40:26,https://in.tradingview.com/chart/?symbol=NSE:KANSAINER,200.06,45.90484886592264,-0.01960207782024892,0.003159003159003193,-0.11991905683617798,209.273,216.09175000000008,199.62409091453998,206.9829216950687,Up
KARURVYSYA,Financial Services,BUY,0.5,0.28,14.86,15.82,29.0,Yes,1.27,0.30167376990408784,89.0,2026-07-29 13:40:26,https://in.tradingview.com/chart/?symbol=NSE:KARURVYSYA,340.1,67.85378209264594,0.1485984464707868,0.15818150859867197,0.2899677602882611,299.84100000000007,280.57684999999987,331.55791918952013,310.984920658547,Up
KAYNES,Capital Goods,SELL,12.73,11.87,16.55,-11.19,3.16,No,-0.56,-0.20905078471883778,7.0,2026-07-29 13:40:26,https://in.tradingview.com/chart/?symbol=NSE:KAYNES,3638.6,65.39471881894477,0.16550818411864565,-0.1118650687104884,0.031583125425266534,3229.822,4223.6915,3327.116534219228,3122.4351795934053,Up
KEC,Construction,SELL,2.48,-0.43,-8.43,-16.41,-27.36,No,-1.77,-0.29953240206839254,1.0,2026-07-29 13:40:26,https://in.tradingview.com/chart/?symbol=NSE:KEC,477.55,41.70215429295406,-0.08427612655800576,-0.16409942237003317,-0.2735777304533008,500.45799999999986,622.0212499999999,477.9286600792396,503.06823755140687,Up
KEI,Capital Goods,SELL,0.09,-2.48,-10.69,-2.37,25.96,Yes,0.33,0.1204717491670381,70.0,2026-07-29 13:40:26,https://in.tradingview.com/chart/?symbol=NSE:KEI,4847.5,34.93981820294929,-0.10686319668355593,-0.023685323558438,0.2596143851990438,5216.798,4594.7295,4914.590087405493,5242.912227771969,Up
KFINTECH,Financial Services,SELL,-2.56,7.79,7.84,-0.6,-8.2,No,-0.41,-0.10152336296089953,25.0,2026-07-29 13:40:26,https://in.tradingview.com/chart/?symbol=NSE:KFINTECH,948.8,60.52238805635727,0.07842691520800171,-0.00597171293871146,-0.08195452346395748,870.5820000000003,976.2517499999998,916.0601865954753,875.047597863689,Up
KIMS,Healthcare,SELL,-0.29,1.47,-2.28,20.2,33.19,Yes,1.25,0.17917435305206228,78.0,2026-07-29 13:40:26,https://in.tradingview.com/chart/?symbol=NSE:KIMS,796.0,49.708166703657206,-0.022833292413454442,0.2019630049075123,0.331883209236175,789.8849999999999,701.3449999999999,796.5720598115729,779.8564756303984,Up
KIRLOSBROS,Capital Goods,SELL,-0.07,-1.16,-9.66,9.18,22.69,Yes,0.48,0.047775825597016056,58.0,2026-07-29 13:40:26,https://in.tradingview.com/chart/?symbol=NSE:KIRLOSBROS,1855.0,48.080065272227024,-0.09662023960261035,0.09181871689228949,0.22693299821416746,1814.7320000000002,1698.2300000000012,1863.8886507339246,2016.7331993328587,Up
KIRLOSENG,Capital Goods,SELL,-0.52,-0.32,-7.75,26.47,95.93,Yes,2.11,0.8594207889404688,99.0,2026-07-29 13:40:26,https://in.tradingview.com/chart/?symbol=NSE:KIRLOSENG,2180.9,46.749408770930096,-0.07745346869712344,0.2647297610763164,0.9593028479022552,2106.39,1480.4737499999997,2229.314819079485,2465.0615953742295,Up
KIRLPNU,Capital Goods,SELL,4.18,-6.01,-23.06,-1.48,34.91,Yes,0.45,0.12090372317806306,71.0,2026-07-29 13:40:26,https://in.tradingview.com/chart/?symbol=NSE:KIRLPNU,1502.6,35.331586474187844,-0.2306195596518178,-0.014817728822449583,0.34907523792422346,1704.5359999999998,1294.6825000000003,1556.887925051954,1678.680577081285,Up
KITEX,Textiles,SELL,1.05,0.94,-8.5,-10.82,-3.0,No,-0.74,-0.18391850411658814,10.0,2026-07-29 13:40:26,https://in.tradingview.com/chart/?symbol=NSE:KITEX,146.56,40.03018433336888,-0.08497221701941682,-0.10824459993915425,-0.02998212985637705,155.49559999999997,175.36985,147.496915376386,157.37857920479087,Up
KNRCON,Construction,SELL,0.76,-0.24,-8.63,-7.14,-14.41,No,-1.1,-0.22190279127169532,5.0,2026-07-29 13:40:26,https://in.tradingview.com/chart/?symbol=NSE:KNRCON,121.3,39.91012562007658,-0.08625235404896425,-0.07135201347420006,-0.14414732237352712,128.68959999999998,142.74624999999997,122.23976498985287,130.48522854972978,Up
KOTAKBANK,Financial Services,SELL,1.27,2.37,-0.52,3.24,-8.4,No,-0.35,-0.046022708833078796,37.0,2026-07-29 13:40:26,https://in.tradingview.com/chart/?symbol=NSE:KOTAKBANK,390.2,53.71407253205477,-0.005226258763543656,0.03241169466860705,-0.08403755868544605,388.4369999999999,404.23149999999976,385.21674367071716,397.40594761796723,Up
KPIGREEN,Power,SELL,0.87,-1.6,-1.93,-15.08,-10.07,No,-1.29,-0.18307696324420517,10.0,2026-07-29 13:40:26,https://in.tradingview.com/chart/?symbol=NSE:KPIGREEN,390.35,40.80504148519223,-0.019344303479462366,-0.15076688784945058,-0.10067964520216566,406.33199999999994,425.88874999999996,394.56123517743276,417.42265705250475,Up
KPIL,Construction,SELL,3.36,-0.91,-4.53,4.29,18.39,Yes,0.44,0.08087709918471685,63.0,2026-07-29 13:40:26,https://in.tradingview.com/chart/?symbol=NSE:KPIL,1308.0,47.41531397572691,-0.04532515874753662,0.04289586987721261,0.18392469225199126,1322.7220000000007,1218.0959999999998,1304.7710316735788,1384.7401527951529,Up
KPITTECH,Information Technology,SELL,6.03,15.11,-4.88,-13.03,-42.41,No,-1.6,-0.3250718456653337,1.0,2026-07-29 13:40:26,https://in.tradingview.com/chart/?symbol=NSE:KPITTECH,638.75,58.67467324560519,-0.04884223066041238,-0.13030158622098176,-0.4241345113595384,675.014,906.1030000000003,588.2494059577864,568.2787136155372,Up
KPRMILL,Textiles,SELL,1.89,-0.17,-9.71,14.12,23.63,Yes,0.66,0.09021936402621974,64.0,2026-07-29 13:40:26,https://in.tradingview.com/chart/?symbol=NSE:KPRMILL,1063.0,44.48706677342044,-0.09708655397944443,0.14117015566290925,0.2363340311700397,1079.9590000000003,978.5962499999997,1072.3419126691301,1169.813441353939,Up
KRBL,Fast Moving Consumer Goods,SELL,0.64,-0.66,-7.26,-7.04,3.17,No,-0.43,-0.07225602804949219,33.0,2026-07-29 13:40:26,https://in.tradingview.com/chart/?symbol=NSE:KRBL,348.0,41.10906893003112,-0.07261825449700199,-0.07038867370108193,0.031722502223539895,360.967,361.71449999999993,351.216006354004,374.4316370589645,Up
KSB,Capital Goods,SELL,-0.49,-5.58,-12.11,-14.81,19.59,Yes,-0.69,-0.017775081415992336,44.0,2026-07-29 13:40:26,https://in.tradingview.com/chart/?symbol=NSE:KSB,842.6,31.71131066912056,-0.12114732724902211,-0.1480713816288357,0.19585580471189323,874.0779999999999,807.0990000000005,875.0347023831705,922.0502576517663,Up
KSCL,Fast Moving Consumer Goods,SELL,-2.28,-5.69,-9.38,-13.64,-3.45,No,-1.11,-0.16621958357460437,13.0,2026-07-29 13:40:26,https://in.tradingview.com/chart/?symbol=NSE:KSCL,806.75,33.26623817136871,-0.09379387812412243,-0.13642688931706282,-0.03446831428400454,877.6179999999999,915.6835000000003,834.596671625569,887.1851496407589,Up
KSL,Capital Goods,HOLD,-1.71,0.54,1.25,10.08,30.19,Yes,0.7,0.10455160729212809,68.0,2026-07-29 13:40:26,https://in.tradingview.com/chart/?symbol=NSE:KSL,890.95,51.097903584814155,0.01250071026762889,0.10075364467506809,0.3018923065682766,857.816,778.5810000000001,899.7569884274606,874.1461321533621,Up
KTKBANK,Financial Services,HOLD,0.81,1.0,2.05,5.83,52.88,Yes,1.25,0.3280162460437807,90.0,2026-07-29 13:40:26,https://in.tradingview.com/chart/?symbol=NSE:KTKBANK,279.0,54.73992984572495,0.02048280907095834,0.05830140727534805,0.5287671232876712,270.4800000000001,223.54294999999996,278.4835818840118,260.168310334031,Up
LALPATHLAB,Healthcare,HOLD,4.28,10.8,14.35,33.35,32.77,Yes,1.71,0.29225322094314077,88.0,2026-07-29 13:40:26,https://in.tradingview.com/chart/?symbol=NSE:LALPATHLAB,1882.5,72.9359888551582,0.1435427044101567,0.33349861868668973,0.3276676775513081,1659.8780000000002,1510.4407499999995,1774.6615206112974,1677.2451833555112,Up
LATENTVIEW,Information Technology,SELL,1.78,4.29,17.28,7.48,-21.73,No,-0.13,-0.11976924145859985,21.0,2026-07-29 13:40:26,https://in.tradingview.com/chart/?symbol=NSE:LATENTVIEW,317.6,59.983142635927045,0.17282127031019212,0.07478849407783428,-0.21734844751108917,303.14799999999997,369.9302499999998,307.281143233838,283.9998405594388,Up
LAURUSLABS,Healthcare,HOLD,1.27,12.9,17.39,63.35,77.1,Yes,4.36,0.8227419567327978,99.0,2026-07-29 13:40:26,https://in.tradingview.com/chart/?symbol=NSE:LAURUSLABS,1781.3,79.83441613758743,0.17391590879135355,0.6335457838507037,0.7710280373831777,1473.3600000000001,1143.6047499999995,1659.0681882165961,1648.0422237791138,Up
LEMONTREE,Consumer Services,SELL,-0.15,1.14,-5.57,-7.13,-14.76,No,-1.2,-0.18627988745279525,9.0,2026-07-29 13:40:26,https://in.tradingview.com/chart/?symbol=NSE:LEMONTREE,110.15,41.34025926244055,-0.05572224603514786,-0.0713261950931624,-0.14757777433833763,113.43160000000003,131.22439999999995,111.18769518288066,117.18812442995097,Up
LICHSGFIN,Financial Services,SELL,1.42,2.76,-1.87,0.63,7.03,Yes,-0.13,-0.012986981998724147,45.0,2026-07-29 13:40:26,https://in.tradingview.com/chart/?symbol=NSE:LICHSGFIN,553.45,53.947705722912055,-0.018705673758865116,0.00627272727272743,0.07029588087410565,546.8119999999999,540.5872500000002,546.7614085408916,567.4881019425102,Up
LICI,Financial Services,HOLD,-0.76,0.14,-1.8,3.68,3.48,Yes,0.01,-0.005566216980002814,47.0,2026-07-29 13:40:26,https://in.tradingview.com/chart/?symbol=NSE:LICI,423.9,46.746479979716774,-0.017954361172246025,0.03681056622233081,0.03478579274990845,420.98580000000015,422.1166500000002,426.693958631746,414.6040009012054,Up
LINDEINDIA,Chemicals,SELL,0.91,-1.64,-7.97,-6.92,12.48,Yes,-0.32,0.01765496507346156,52.0,2026-07-29 13:40:26,https://in.tradingview.com/chart/?symbol=NSE:LINDEINDIA,6728.0,38.050537041817,-0.07974285323485164,-0.06923981462267415,0.12480147120287555,7061.950000000002,6599.815000000003,6816.597446028695,7198.033807606128,Up
LLOYDSENGG,Capital Goods,BUY,-1.31,3.52,4.0,53.12,94.83,Yes,2.03,0.527809409640187,96.0,2026-07-29 13:40:26,https://in.tradingview.com/chart/?symbol=NSE:LLOYDSENGG,89.99,56.9769780056584,0.039986131977348904,0.5312234133061084,0.9482571985278199,81.27560000000003,60.10785000000001,89.51482285256898,79.70921290897074,Up
LLOYDSENT,Metals & Mining,HOLD,0.54,2.36,8.87,13.18,45.05,Yes,0.91,0.1850328870271506,79.0,2026-07-29 13:40:26,https://in.tradingview.com/chart/?symbol=NSE:LLOYDSENT,80.37,57.1918357209075,0.08872934164183155,0.1318124207858049,0.45046020573903656,73.79880000000001,63.59775,79.56197763446119,72.24204729762948,Up
LLOYDSME,Metals & Mining,HOLD,3.65,9.6,13.31,17.09,78.05,Yes,1.76,0.39646790499805107,93.0,2026-07-29 13:40:26,https://in.tradingview.com/chart/?symbol=NSE:LLOYDSME,2051.3,70.07975830367438,0.13306451612903225,0.17090016553456255,0.780487804878049,1801.6399999999999,1449.598000000001,1951.6833781710743,1847.6792835598362,Up
LMW,Capital Goods,HOLD,3.73,2.14,4.58,10.08,15.75,Yes,0.75,0.09337142860864689,65.0,2026-07-29 13:40:26,https://in.tradingview.com/chart/?symbol=NSE:LMW,16440.0,58.587707174543866,0.04580152671755733,0.1008437123342707,0.15750193621065978,15806.179999999995,15029.660000000005,16077.946962175914,15467.58232141577,Up
LODHA,Realty,HOLD,1.15,13.38,37.8,49.09,39.22,Yes,1.85,0.27875557326189776,87.0,2026-07-29 13:40:26,https://in.tradingview.com/chart/?symbol=NSE:LODHA,1316.35,76.63691222842844,0.3780162261188169,0.49093895118359954,0.3922263352723425,1012.0200000000002,1015.9975000000002,1217.9422620465102,1175.6630185470535,Up
LT,Construction,SELL,2.59,2.99,-5.12,-2.63,3.63,No,-0.21,0.02341715194390699,53.0,2026-07-29 13:40:26,https://in.tradingview.com/chart/?symbol=NSE:LT,3931.4,52.17178246679703,-0.05116570932084752,-0.026326869257250363,0.036269703199957704,3982.6920000000005,3963.142500000002,3848.0984587829003,3953.488693687432,Up
LTF,Financial Services,SELL,-0.59,1.06,-0.51,8.18,7.61,Yes,0.73,0.17237684105345158,77.0,2026-07-29 13:40:26,https://in.tradingview.com/chart/?symbol=NSE:LTF,309.15,52.35532422340369,-0.005148833467417568,0.08177619147596049,0.07605290636964823,294.734,288.11609999999996,309.26382332517943,326.9154076588846,Up
LTFOODS,Fast Moving Consumer Goods,SELL,2.28,-0.01,3.16,-10.92,8.23,No,-0.96,-0.10077724730457681,25.0,2026-07-29 13:40:26,https://in.tradingview.com/chart/?symbol=NSE:LTFOODS,378.6,47.95643672776348,0.03160762942779294,-0.10917647058823521,0.0823327615780447,384.118,395.7915000000001,377.36369904728576,399.1727142319256,Up
LTM,Information Technology,SELL,2.63,11.06,25.01,0.96,-25.63,No,-0.58,-0.11673523829846646,22.0,2026-07-29 13:40:26,https://in.tradingview.com/chart/?symbol=NSE:LTM,4422.7,70.73474112616243,0.250056529112493,0.009610555631648587,-0.2563141079535901,3973.354000000002,4964.825999999997,4168.482651272787,4057.1796095524987,Up
LTTS,Information Technology,SELL,-0.4,7.55,14.18,0.52,-7.64,No,-0.25,-0.07853051523546067,31.0,2026-07-29 13:40:26,https://in.tradingview.com/chart/?symbol=NSE:LTTS,3585.0,63.346735102863605,0.14179247085801627,0.005215343203230027,-0.07636419848508269,3358.236,3760.4900000000002,3461.4080867958073,3297.977307393438,Up
LUMAXTECH,Automobile and Auto Components,SELL,0.83,1.78,-2.09,-9.72,8.17,No,-0.1,0.09276368273139335,65.0,2026-07-29 13:40:26,https://in.tradingview.com/chart/?symbol=NSE:LUMAXTECH,1501.6,48.74934391193558,-0.02086593635889411,-0.09716209716209723,0.0816885175046822,1572.206,1524.3355000000001,1481.9578804300031,1576.7356220121048,Up
LUPIN,Healthcare,SELL,2.14,1.67,1.16,6.27,13.12,Yes,0.96,0.15803759085468685,75.0,2026-07-29 13:40:26,https://in.tradingview.com/chart/?symbol=NSE:LUPIN,2447.0,53.556874816786895,0.011575031004547265,0.06266556650888089,0.13119452662721898,2362.62,2215.4225000000006,2428.2562648983,2513.2860731356614,Up
LUXIND,Textiles,SELL,1.06,1.99,2.01,-17.22,37.85,Yes,-0.59,-0.029995512596051686,41.0,2026-07-29 13:40:26,https://in.tradingview.com/chart/?symbol=NSE:LUXIND,1250.0,47.204570921646216,0.02007507752570592,-0.17224024899013302,0.3784737538597265,1289.888,1176.262,1247.5603273099923,1341.7936409907393,Up
LXCHEM,Chemicals,HOLD,2.3,14.89,29.39,33.25,39.68,Yes,1.3,0.21201086957860757,81.0,2026-07-29 13:40:26,https://in.tradingview.com/chart/?symbol=NSE:LXCHEM,200.51,76.58073317474677,0.29386332838613916,0.3324694311536418,0.3967955416231277,161.442,158.47974999999997,185.83809945469713,176.41078730086642,Up
M&M,Automobile and Auto Components,SELL,-1.51,1.46,4.99,4.33,-9.85,No,-0.09,-0.025968633791884636,43.0,2026-07-29 13:40:26,https://in.tradingview.com/chart/?symbol=NSE:M&M,3221.8,55.39817310733521,0.04985662148070902,0.043295230076746405,-0.09846937347846763,3107.57,3365.7629999999986,3204.4186380849255,3057.9130977554773,Up
M&MFIN,Financial Services,HOLD,5.42,4.13,24.68,25.94,9.24,Yes,1.31,0.28411706469910325,87.0,2026-07-29 13:40:26,https://in.tradingview.com/chart/?symbol=NSE:M&MFIN,393.75,72.7950448826723,0.24683343888537035,0.2593954901647211,0.09238451935081149,316.7460000000001,332.7070000000003,363.2170934060298,340.20375123381496,Up
MAHABANK,Financial Services,SELL,0.66,1.97,-11.71,3.85,22.71,Yes,0.78,0.2149316222022661,81.0,2026-07-29 13:40:26,https://in.tradingview.com/chart/?symbol=NSE:MAHABANK,80.73,45.53971927140034,-0.1171259842519684,0.03846153846153855,0.22708618331053354,83.3892,69.56384999999999,80.6034808187175,86.28377802645198,Up
MAHLIFE,Realty,HOLD,1.72,3.39,5.55,13.78,10.74,Yes,0.84,0.07522113715082222,62.0,2026-07-29 13:40:26,https://in.tradingview.com/chart/?symbol=NSE:MAHLIFE,386.8,66.58447444405283,0.055532814845135725,0.13781438446830419,0.10735757228743203,355.21200000000016,364.60349999999994,378.18927097883875,355.69250800637326,Up
MAHSCOOTER,Financial Services,SELL,0.32,-0.48,2.18,3.02,-4.2,No,-0.29,-0.07141656976130205,33.0,2026-07-29 13:40:26,https://in.tradingview.com/chart/?symbol=NSE:MAHSCOOTER,12774.0,49.05099919198933,0.021838252939764713,0.03024437454633433,-0.04199790010499471,12625.18,13527.095000000003,12827.536135033257,12341.20631934601,Up
MAHSEAMLES,Capital Goods,SELL,1.37,1.13,-2.65,-10.43,12.44,Yes,-0.92,-0.05214812702387674,36.0,2026-07-29 13:40:26,https://in.tradingview.com/chart/?symbol=NSE:MAHSEAMLES,581.95,44.34770840603049,-0.02651388424222134,-0.10427889795290135,0.1244324219882138,608.3960000000001,580.0695000000001,578.6482049358422,605.3835983554499,Up
MANAPPURAM,Financial Services,BUY,2.46,5.7,14.17,26.44,23.3,Yes,1.63,0.2849945823967609,88.0,2026-07-29 13:40:26,https://in.tradingview.com/chart/?symbol=NSE:MANAPPURAM,370.15,72.50232955677866,0.14173349784083888,0.26438941076003397,0.23301132578281147,325.9580000000001,296.0337499999998,353.6212433968401,337.94008824610347,Up
MANINFRA,Construction,SELL,-0.35,-1.55,-6.82,-16.55,-9.42,No,-1.54,-0.24662626556870487,3.0,2026-07-29 13:40:26,https://in.tradingview.com/chart/?symbol=NSE:MANINFRA,97.08,33.98930065459835,-0.0681512766365906,-0.16554925219185146,-0.09423399888038819,107.45240000000001,116.11805000000004,98.62905867083236,105.82815488598017,Up
MANKIND,Healthcare,HOLD,-0.96,1.89,1.85,14.5,20.76,Yes,0.98,0.1075127303153795,69.0,2026-07-29 13:40:26,https://in.tradingview.com/chart/?symbol=NSE:MANKIND,2592.7,58.331296334518676,0.018502514142048954,0.14498321851263007,0.20759198882161156,2470.3920000000007,2276.655999999999,2562.2223716162034,2429.913888237831,Up
MANORAMA,Fast Moving Consumer Goods,HOLD,0.4,4.59,-0.57,13.9,52.98,Yes,0.99,0.19248514942766037,79.0,2026-07-29 13:40:26,https://in.tradingview.com/chart/?symbol=NSE:MANORAMA,1645.8,59.4870947555746,-0.005739140941219079,0.13896193771626297,0.5298382598996096,1535.5199999999998,1403.8524999999993,1616.6013271641175,1509.980700009597,Up
MANYAVAR,Consumer Services,SELL,-1.61,-1.2,-1.33,-8.31,-17.17,No,-1.74,-0.25016305527444677,3.0,2026-07-29 13:40:26,https://in.tradingview.com/chart/?symbol=NSE:MANYAVAR,402.85,48.00347464411399,-0.013348028410482438,-0.08307727324456582,-0.171687056646448,406.584,487.8224999999998,405.53852108772554,422.93107811093887,Up
MAPMYINDIA,Information Technology,SELL,2.37,11.37,43.64,25.15,-13.59,No,0.13,-0.07365121940765433,32.0,2026-07-29 13:40:26,https://in.tradingview.com/chart/?symbol=NSE:MAPMYINDIA,1163.1,66.54973594061062,0.43636924976844704,0.25145255003227884,-0.13588410104011894,947.307,1255.6175000000007,1118.9881558296433,1043.8640187574579,Up
MARICO,Fast Moving Consumer Goods,HOLD,-0.52,1.86,5.08,12.53,16.89,Yes,1.63,0.17215527967083463,77.0,2026-07-29 13:40:26,https://in.tradingview.com/chart/?symbol=NSE:MARICO,878.7,65.24739202494875,0.050762331838565045,0.12531215982583088,0.16887263052876622,833.718,773.0389999999999,863.2880793414806,830.9693488892889,Up
MARKSANS,Healthcare,SELL,1.09,7.61,-4.9,40.93,52.8,Yes,1.74,0.36688223350158033,91.0,2026-07-29 13:40:26,https://in.tradingview.com/chart/?symbol=NSE:MARKSANS,259.45,50.90716740102207,-0.04897181188372868,0.4092884302009776,0.5279740871613661,252.98239999999993,198.57170000000002,258.0063529289794,276.13177179194247,Up
MARUTI,Automobile and Auto Components,SELL,1.06,2.98,-1.18,8.19,-11.53,No,0.11,0.004729566645495262,49.0,2026-07-29 13:40:26,https://in.tradingview.com/chart/?symbol=NSE:MARUTI,13948.0,56.30601953601303,-0.01183138505136383,0.08191126279863492,-0.11525531240088804,13517.74,14626.314999999995,13711.7499972852,14173.785027797825,Up
MASTEK,Information Technology,HOLD,1.68,11.05,19.34,13.37,-9.76,Yes,0.21,-0.038865873562335174,39.0,2026-07-29 13:40:26,https://in.tradingview.com/chart/?symbol=NSE:MASTEK,1904.9,70.30280063801865,0.19339681744142334,0.13366660715348466,-0.09763145428706765,1657.7760000000005,1851.3664999999999,1776.2294275473619,1720.5472866337313,Up
MAXESTATES,Realty,SELL,-1.01,0.06,-8.52,-2.26,0.32,No,-0.36,-0.10025834469395456,25.0,2026-07-29 13:40:26,https://in.tradingview.com/chart/?symbol=NSE:MAXESTATES,392.0,38.358992618658576,-0.08518086347724618,-0.022565764867223614,0.0031989763275752647,430.905,423.45774999999986,398.9569253202377,434.18979348724764,Up
MAXHEALTH,Healthcare,HOLD,0.6,2.81,-1.58,10.61,11.27,Yes,0.44,0.03208925297728733,55.0,2026-07-29 13:40:26,https://in.tradingview.com/chart/?symbol=NSE:MAXHEALTH,1111.4,55.816423660896945,-0.01580695151649314,0.10614580741477986,0.11273528233880681,1064.151,1059.7242500000002,1100.7093945071063,1066.680418782804,Up
MAZDOCK,Capital Goods,SELL,0.52,0.02,-7.56,-13.99,-2.58,No,-1.28,-0.14177419007701833,17.0,2026-07-29 13:40:26,https://in.tradingview.com/chart/?symbol=NSE:MAZDOCK,2307.8,38.570895626509234,-0.07562284707201783,-0.1399396265792121,-0.025833685099197923,2431.3940000000007,2506.164500000002,2325.6880366881983,2439.813595400154,Up
MCX,Financial Services,SELL,0.15,-3.08,-4.22,-6.23,17.44,Yes,0.39,0.23519322384660743,83.0,2026-07-29 13:40:26,https://in.tradingview.com/chart/?symbol=NSE:MCX,2717.5,42.65013952131164,-0.04218948258846744,-0.06228433402346445,0.17437337942955922,2889.3559999999993,2469.6465000000003,2755.0687525787466,2957.8374180694877,Up
MEDANTA,Healthcare,BUY,2.26,5.87,9.07,25.96,34.62,Yes,1.86,0.19927652108845675,80.0,2026-07-29 13:40:26,https://in.tradingview.com/chart/?symbol=NSE:MEDANTA,1432.9,72.70316928771605,0.09065306743796642,0.259636939035647,0.3462044344231492,1288.7080000000003,1197.7762500000003,1381.7720775524276,1319.7232034595825,Up
MEDPLUS,Consumer Services,SELL,2.9,4.2,-11.07,-17.67,-8.61,No,-1.11,-0.13952419859417797,17.0,2026-07-29 13:40:26,https://in.tradingview.com/chart/?symbol=NSE:MEDPLUS,721.0,32.266348828188136,-0.11069996916435398,-0.1766586730615508,-0.08606921029281278,833.8869999999998,826.1610000000002,737.381442756305,776.5479082022391,Up
METROPOLIS,Healthcare,BUY,1.04,3.77,9.53,23.03,25.52,Yes,1.45,0.23249538612259002,82.0,2026-07-29 13:40:26,https://in.tradingview.com/chart/?symbol=NSE:METROPOLIS,591.6,62.2951449204,0.09525131907803397,0.23032130602058842,0.25517153586659047,547.9170000000001,496.6494499999997,576.0985237658723,537.6390548941249,Up
MFSL,Financial Services,SELL,0.56,-0.54,-4.35,-5.94,-6.92,No,-0.58,-0.044386727979045214,38.0,2026-07-29 13:40:26,https://in.tradingview.com/chart/?symbol=NSE:MFSL,1515.1,38.65873142208237,-0.043497474747474785,-0.0594114725602185,-0.06917736683664077,1604.3039999999996,1644.9630000000002,1527.958521508874,1616.2770855367378,Up
MGL,Oil Gas & Consumable Fuels,SELL,2.44,2.14,-5.89,-2.47,-0.99,No,-0.54,-0.09443475329649154,27.0,2026-07-29 13:40:26,https://in.tradingview.com/chart/?symbol=NSE:MGL,1105.0,49.000611312431,-0.05885358998381729,-0.0247131509267432,-0.009945345399157701,1115.43,1129.5057499999996,1092.688338637864,1152.9258420830945,Up
MIDHANI,Capital Goods,SELL,1.4,-1.23,-5.07,1.0,16.09,Yes,0.21,0.03265469187066292,55.0,2026-07-29 13:40:26,https://in.tradingview.com/chart/?symbol=NSE:MIDHANI,397.25,41.672113462904015,-0.05066316166806062,0.010043224002034057,0.16087083576855643,418.506,368.24875,400.0972768751091,430.30142862657897,Up
MINDACORP,Automobile and Auto Components,BUY,1.27,3.13,-0.65,33.15,22.62,Yes,1.98,0.2844967252612033,87.0,2026-07-29 13:40:26,https://in.tradingview.com/chart/?symbol=NSE:MINDACORP,692.25,57.20653436195476,-0.006529850746268551,0.33150605885747275,0.22619785670002668,653.632,582.82575,682.6346453867571,646.2496243405279,Up
MMTC,Services,SELL,1.09,-1.64,-9.99,-7.21,-5.67,No,-0.44,-0.08750725996669395,29.0,2026-07-29 13:40:26,https://in.tradingview.com/chart/?symbol=NSE:MMTC,61.25,35.28849171422724,-0.09992652461425422,-0.07211028632025462,-0.05667642076081947,66.32739999999998,63.709099999999985,62.151167166224006,66.39596650918627,Up
MOIL,Metals & Mining,SELL,2.58,1.54,-1.42,-17.42,-19.45,No,-1.79,-0.21867983296661922,6.0,2026-07-29 13:40:26,https://in.tradingview.com/chart/?symbol=NSE:MOIL,274.15,47.5221441527037,-0.014203523912261984,-0.17424698795180726,-0.19450565594241231,284.618,318.22275,270.458638626096,281.99727867686136,Up
MOTHERSON,Automobile and Auto Components,HOLD,-1.26,1.67,-1.42,16.59,31.14,Yes,1.48,0.29543500323212213,89.0,2026-07-29 13:40:26,https://in.tradingview.com/chart/?symbol=NSE:MOTHERSON,146.0,53.55146774080162,-0.014246168388360125,0.16594793164031296,0.3114165094763317,143.611,123.76315000000002,145.88596318834166,137.2402672216482,Up
MOTILALOFS,Financial Services,SELL,-0.11,-9.31,-10.1,9.27,10.53,No,0.33,0.008038660322834137,50.0,2026-07-29 13:40:26,https://in.tradingview.com/chart/?symbol=NSE:MOTILALOFS,855.25,32.650359203222166,-0.10096709765583933,0.09269196371534427,0.1052597570431637,911.2769999999999,857.6890000000002,900.0068687744831,939.9581064118606,Up
MPHASIS,Information Technology,SELL,-2.16,3.85,9.24,4.01,-15.97,No,-0.32,-0.07510537945534332,32.0,2026-07-29 13:40:26,https://in.tradingview.com/chart/?symbol=NSE:MPHASIS,2361.3,53.51495992629895,0.09238527017024434,0.040082808439413364,-0.15970961887477308,2295.6840000000007,2503.5920000000015,2341.8367781094175,2221.0812963288795,Up
MRF,Automobile and Auto Components,SELL,0.8,0.94,4.99,3.14,-5.68,No,-0.31,-0.051945620284011264,36.0,2026-07-29 13:40:26,https://in.tradingview.com/chart/?symbol=NSE:MRF,134200.0,56.86714086628228,0.04991394148020656,0.03135567168767284,-0.056756281848532764,129216.80000000002,140663.65000000005,132679.09794699066,129146.06291365364,Up
MRPL,Oil Gas & Consumable Fuels,SELL,2.11,-6.44,9.63,-5.93,5.91,No,0.07,0.04016526716798925,57.0,2026-07-29 13:40:26,https://in.tradingview.com/chart/?symbol=NSE:MRPL,163.41,50.92729739709639,0.09634350888963428,-0.059348376698134975,0.05910946918141158,157.07899999999995,164.97024999999994,165.94578096080767,157.35738802257418,Up
MSTCLTD,Services,SELL,2.93,3.99,-13.45,38.35,32.67,Yes,1.25,0.2742680957771497,86.0,2026-07-29 13:40:26,https://in.tradingview.com/chart/?symbol=NSE:MSTCLTD,614.0,48.312312340292756,-0.13447984212010144,0.38350608382154117,0.32670700086430426,591.39,502.58900000000034,611.0475544973951,683.5231578416553,Up
MSUMI,Automobile and Auto Components,SELL,-0.72,2.56,2.74,5.05,-6.17,No,-0.03,-0.026916252767961522,43.0,2026-07-29 13:40:26,https://in.tradingview.com/chart/?symbol=NSE:MSUMI,41.22,58.06523612881673,0.027417746759720973,0.050458715596330084,-0.0616890507625768,39.367799999999995,42.62115000000003,40.74095956431899,38.240838457676304,Up
MUTHOOTFIN,Financial Services,SELL,0.12,-0.58,0.69,-13.68,-21.85,No,-0.9,-0.0891476282357789,28.0,2026-07-29 13:40:26,https://in.tradingview.com/chart/?symbol=NSE:MUTHOOTFIN,3017.9,46.30894981112362,0.0068728522336769515,-0.1367562929061784,-0.2185452756415236,3107.424,3435.7394999999983,3019.816821337058,2901.0114464579406,Up
NAM-INDIA,Financial Services,SELL,1.55,1.76,0.52,14.16,38.61,Yes,1.18,0.24577224965749978,84.0,2026-07-29 13:40:26,https://in.tradingview.com/chart/?symbol=NSE:NAM-INDIA,1168.1,51.88080486119659,0.00524956970740087,0.1415587588565843,0.3860575496885197,1141.9040000000002,963.8025,1155.231079898192,1203.7586350274137,Up
NATCOPHARM,Healthcare,SELL,1.18,0.18,0.5,-14.45,12.12,No,-0.44,-0.026941826352164664,42.0,2026-07-29 13:40:26,https://in.tradingview.com/chart/?symbol=NSE:NATCOPHARM,935.95,47.27438210479453,0.004993020508966106,-0.1445480303445753,0.12123390236597786,955.7480000000002,936.4702500000002,935.973050902879,890.1342321326126,Up
NATIONALUM,Metals & Mining,SELL,3.03,0.67,1.5,-21.93,-5.46,Yes,-0.43,0.15817240179883335,75.0,2026-07-29 13:40:26,https://in.tradingview.com/chart/?symbol=NSE:NATIONALUM,344.7,45.17971330347255,0.015017667844522853,-0.2192525481313704,-0.05458036204059247,370.665,342.48635,343.2973202513318,366.1855884750145,Up
NAUKRI,Consumer Services,HOLD,0.95,4.92,27.59,24.21,-5.43,Yes,0.7,0.05378291185934192,60.0,2026-07-29 13:40:26,https://in.tradingview.com/chart/?symbol=NSE:NAUKRI,1247.85,71.98061491783021,0.275920245398773,0.24213617360143336,-0.05430087154225094,1058.3640000000003,1161.487000000001,1202.488238986656,1152.1853456427239,Up
NAVA,Power,SELL,1.68,-1.67,-7.4,-16.08,2.11,No,-0.83,-0.09101432420573413,28.0,2026-07-29 13:40:26,https://in.tradingview.com/chart/?symbol=NSE:NAVA,561.6,38.57742618497754,-0.07395498392282962,-0.1607890017931859,0.02109090909090905,597.0550000000002,588.0129999999997,567.6170606856243,600.4268270034338,Up
NAVINFLUOR,Chemicals,HOLD,1.11,-2.48,-1.18,14.62,28.37,Yes,1.55,0.31383713765184307,90.0,2026-07-29 13:40:26,https://in.tradingview.com/chart/?symbol=NSE:NAVINFLUOR,7596.0,50.864535049613615,-0.011838168336151922,0.14622000905387056,0.28365019011406845,7414.489999999999,6377.641000000001,7636.449773046785,7284.01642135178,Up
NAZARA,Media Entertainment & Publication,HOLD,-0.12,-0.33,0.18,12.86,6.17,Yes,0.6,0.05751604090798901,60.0,2026-07-29 13:40:26,https://in.tradingview.com/chart/?symbol=NSE:NAZARA,303.65,53.20462732636999,0.001814582645991214,0.12864258102884318,0.061713286713286575,294.641,269.0799999999999,304.3949924338317,285.7469697207951,Up
NBCC,Construction,SELL,0.1,-0.15,-9.84,-0.03,-4.13,No,-0.3,-0.07646698578048065,31.0,2026-07-29 13:40:26,https://in.tradingview.com/chart/?symbol=NSE:NBCC,94.6,39.48902797315216,-0.09844658343657686,-0.00031702419951396,-0.04134576408593449,101.06519999999995,102.03049999999998,95.40763678560788,100.73676587022318,Up
NCC,Construction,SELL,3.23,3.19,-4.09,-13.77,-2.82,No,-1.62,-0.200024325377611,8.0,2026-07-29 13:40:26,https://in.tradingview.com/chart/?symbol=NSE:NCC,142.15,47.1560273685809,-0.040887929289521674,-0.13770094024871093,-0.028167088261434325,147.2308,160.0734500000001,140.1012285604377,145.98473251243604,Up
NEOGEN,Chemicals,SELL,1.19,-2.7,1.16,23.27,70.68,Yes,1.51,0.36873929727819577,92.0,2026-07-29 13:40:26,https://in.tradingview.com/chart/?symbol=NSE:NEOGEN,2048.3,49.77076994674522,0.01155612622845581,0.2326533068544263,0.7067744354637115,1967.7199999999998,1492.3335,2082.8897185390647,2338.3291394578646,Up
NESCO,Services,SELL,3.81,2.77,0.94,-9.1,-7.75,No,-0.91,-0.12514153428625815,20.0,2026-07-29 13:40:26,https://in.tradingview.com/chart/?symbol=NSE:NESCO,1088.5,50.11449986958569,0.009365727002967228,-0.09102296450939462,-0.0775423728813559,1121.1999999999998,1185.2540000000006,1063.7626625923574,1117.7737454422756,Up
NESTLEIND,Fast Moving Consumer Goods,HOLD,0.77,0.65,6.98,4.4,15.11,Yes,0.74,0.12454973913952667,71.0,2026-07-29 13:40:26,https://in.tradingview.com/chart/?symbol=NSE:NESTLEIND,1503.3,63.65081337413119,0.06981212638770273,0.04395833333333332,0.1510719754977028,1425.1540000000005,1320.2365000000002,1466.0347762776892,1408.2217015182512,Up
NETWEB,Information Technology,SELL,-0.72,1.76,-3.84,9.04,38.93,Yes,0.97,0.39844318400468137,93.0,2026-07-29 13:40:26,https://in.tradingview.com/chart/?symbol=NSE:NETWEB,4364.1,49.86309684047898,-0.038363227711427306,0.0904252661036431,0.389309817903986,4430.013999999999,3706.591,4316.24481861425,4644.324552487404,Up
NETWORK18,Media Entertainment & Publication,SELL,1.32,1.67,-7.44,-16.62,-23.4,No,-1.68,-0.2954194675408437,1.0,2026-07-29 13:40:26,https://in.tradingview.com/chart/?symbol=NSE:NETWORK18,29.24,39.73037657481047,-0.0743906299461855,-0.16623895067008843,-0.23395336651820808,31.422400000000003,37.57084999999999,29.316424430534894,31.24655961267197,Up
NEULANDLAB,Healthcare,BUY,4.38,6.67,6.02,36.36,45.15,Yes,2.24,0.3564484312200895,91.0,2026-07-29 13:40:26,https://in.tradingview.com/chart/?symbol=NSE:NEULANDLAB,19697.0,66.02333673945904,0.06017546692502296,0.3635860159224644,0.45151068533529837,17911.739999999994,15654.100000000008,18956.716370131166,17873.85929315136,Up
NEWGEN,Information Technology,SELL,6.67,5.13,18.86,16.09,-13.56,No,0.08,-0.11323236708647533,23.0,2026-07-29 13:40:26,https://in.tradingview.com/chart/?symbol=NSE:NEWGEN,560.5,61.851683017585934,0.18863323083448202,0.16093620546810272,-0.1355644663787785,490.08299999999997,630.4540000000002,530.603872910213,502.42314029777987,Up
NFL,Chemicals,SELL,0.97,1.58,-3.54,-6.62,-9.96,No,-1.17,-0.14751905670272328,16.0,2026-07-29 13:40:26,https://in.tradingview.com/chart/?symbol=NSE:NFL,71.99,43.7199851869018,-0.035374514270400614,-0.06615644052406289,-0.09956222639149481,74.57260000000001,80.36335000000003,71.62081376760119,74.0358787032311,Up
NH,Healthcare,HOLD,-0.11,5.21,5.02,17.85,16.63,Yes,1.22,0.15344793751016358,75.0,2026-07-29 13:40:26,https://in.tradingview.com/chart/?symbol=NSE:NH,2070.6,62.43630681233783,0.050159760612669135,0.17848605577689236,0.1663380837041626,1952.9619999999998,1847.1310000000005,2028.8327545735851,1943.75570910444,Up
NHPC,Power,SELL,-0.49,-2.96,-4.22,-8.76,0.58,No,-0.88,-0.07545669132373306,32.0,2026-07-29 13:40:26,https://in.tradingview.com/chart/?symbol=NSE:NHPC,77.9,44.14870795819866,-0.04217385958440911,-0.08760833918950561,0.005810200129115595,77.94560000000003,78.95620000000001,79.16095686209283,76.34936302309406,Up
NIACL,Financial Services,SELL,0.65,-6.29,-7.8,0.37,12.03,Yes,0.05,-0.02095939454820719,43.0,2026-07-29 13:40:26,https://in.tradingview.com/chart/?symbol=NSE:NIACL,164.13,38.27704378644687,-0.07797314757597884,0.003730430528375628,0.12034129692832751,171.1308,162.06555000000006,170.40297072057942,181.13222517015825,Up
NIVABUPA,Financial Services,HOLD,-0.97,1.12,1.38,11.35,10.73,Yes,0.85,0.08666700976329893,64.0,2026-07-29 13:40:26,https://in.tradingview.com/chart/?symbol=NSE:NIVABUPA,85.74,50.05953762052823,0.013834693153600641,0.11350649350649333,0.10732274312282053,85.00579999999998,78.25605,86.13156189840862,81.17864239051806,Up
NLCINDIA,Power,SELL,-0.72,3.23,-7.8,-6.68,19.28,Yes,0.16,0.0918957700097105,65.0,2026-07-29 13:40:26,https://in.tradingview.com/chart/?symbol=NSE:NLCINDIA,296.9,43.04185630576918,-0.07795031055900625,-0.06679239352506683,0.19284853354760934,319.34000000000003,279.47065000000015,296.9072931113584,313.6515352381836,Up
NMDC,Metals & Mining,SELL,2.3,3.01,0.81,-5.56,9.74,Yes,-0.07,0.06311584510697187,61.0,2026-07-29 13:40:26,https://in.tradingview.com/chart/?symbol=NSE:NMDC,85.85,54.22236341886263,0.008102395490840797,-0.05555555555555569,0.09740508756231603,87.18679999999999,82.11385000000003,84.1517324273146,87.86930883120613,Up
NSLNISP,Metals & Mining,SELL,2.4,1.94,0.49,3.81,6.48,Yes,0.25,0.04013992947311576,57.0,2026-07-29 13:40:26,https://in.tradingview.com/chart/?symbol=NSE:NSLNISP,43.06,47.817206064042274,0.004900816802800412,0.03809064609450341,0.06478733926805158,45.086999999999996,42.347449999999995,42.48253380934331,44.28007459383797,Up
NTPC,Power,SELL,-0.07,-2.0,-3.69,-15.57,0.31,No,-1.67,-0.05965112232257819,35.0,2026-07-29 13:40:26,https://in.tradingview.com/chart/?symbol=NSE:NTPC,343.5,39.70719285871691,-0.03687088181690723,-0.15570849207324566,0.0030661410424879243,360.19300000000004,356.99649999999986,346.7051092635194,360.61040488855457,Up
NTPCGREEN,Power,SELL,-0.86,0.2,-4.21,-21.01,0.34,No,-1.75,-0.13435392807516436,18.0,2026-07-29 13:40:26,https://in.tradingview.com/chart/?symbol=NSE:NTPCGREEN,91.48,40.4474746191859,-0.042094240837696306,-0.2100854848458682,0.003400241307447649,97.2176,96.77190000000004,93.25073900240619,97.66892380410219,Up
NUVAMA,Financial Services,HOLD,1.02,-2.93,1.15,32.57,32.09,Yes,1.62,0.28565956998431385,88.0,2026-07-29 13:40:26,https://in.tradingview.com/chart/?symbol=NSE:NUVAMA,1827.2,49.28545197271223,0.011514614703277193,0.3256910687078285,0.32089929877828394,1724.7980000000002,1461.9234999999999,1878.8058686780446,1799.230884470966,Up
NUVOCO,Construction Materials,HOLD,0.3,-2.28,15.99,20.09,0.49,Yes,0.46,0.02372025929729078,54.0,2026-07-29 13:40:26,https://in.tradingview.com/chart/?symbol=NSE:NUVOCO,351.5,57.17316722804076,0.15987460815047028,0.20088828151691152,0.004859919954259606,326.68100000000004,340.0669999999999,351.3866458269897,329.63104320275613,Up
NYKAA,Consumer Services,BUY,-0.73,0.18,5.26,21.14,36.65,Yes,2.0,0.3169350605987403,90.0,2026-07-29 13:40:26,https://in.tradingview.com/chart/?symbol=NSE:NYKAA,327.2,63.248052974108965,0.05259771594016405,0.21135833549294714,0.36646481520150354,296.89200000000005,267.41020000000015,325.9400508421662,308.89675453987763,Up
OBEROIRLTY,Realty,SELL,0.38,-0.81,3.8,7.38,24.07,Yes,0.69,0.09405055404830397,65.0,2026-07-29 13:40:26,https://in.tradingview.com/chart/?symbol=NSE:OBEROIRLTY,1836.5,51.861551388829724,0.03803979199638241,0.0737882242881367,0.24071071476827455,1757.3399999999997,1651.644,1845.3585001332428,1951.0482080197198,Up
OFSS,Information Technology,SELL,0.82,5.31,6.05,19.4,44.7,Yes,1.56,0.29121709709485005,88.0,2026-07-29 13:40:26,https://in.tradingview.com/chart/?symbol=NSE:OFSS,11427.0,58.97248922296589,0.060461231497378254,0.19404388714733534,0.4470051918450044,10469.830000000005,8526.189999999997,11233.481149231604,11976.885621822272,Up
OIL,Oil Gas & Consumable Fuels,SELL,0.74,-0.72,7.42,-9.92,2.62,No,-0.38,-0.016461151950842547,45.0,2026-07-29 13:40:26,https://in.tradingview.com/chart/?symbol=NSE:OIL,447.9,54.36462122690155,0.07422952392373183,-0.0991552695092518,0.026234391110092847,447.03900000000016,448.9742499999999,445.1714859354321,426.2864823252584,Up
OLAELEC,Automobile and Auto Components,SELL,3.48,4.72,-12.25,7.23,16.47,Yes,0.31,-0.0056089791910515895,47.0,2026-07-29 13:40:26,https://in.tradingview.com/chart/?symbol=NSE:OLAELEC,38.4,43.578686388686826,-0.12248628884826329,0.07232616587545371,0.16469517743403084,41.122000000000014,37.55489999999999,38.123521975019386,42.19084607463076,Up
OLECTRA,Automobile and Auto Components,SELL,1.33,-1.17,-11.3,3.43,30.3,Yes,0.38,0.06919336056469481,61.0,2026-07-29 13:40:26,https://in.tradingview.com/chart/?symbol=NSE:OLECTRA,1330.1,43.02868202251388,-0.11303014137103229,0.03429237947122865,0.3029976489028212,1351.9419999999998,1234.91325,1340.7080805623048,1448.1147465882025,Up
ONESOURCE,Healthcare,HOLD,1.06,4.68,6.18,-0.75,13.15,Yes,-0.04,-0.012395646114196102,46.0,2026-07-29 13:40:26,https://in.tradingview.com/chart/?symbol=NSE:ONESOURCE,1749.7,62.948665396458416,0.06184002912974873,-0.0075439591605218626,0.13153980469507864,1694.724,1619.8365000000013,1691.1679294050705,1541.5362721891468,Up
ONGC,Oil Gas & Consumable Fuels,SELL,-0.25,-5.39,1.45,-20.91,-2.34,No,-1.75,-0.10169667926556933,25.0,2026-07-29 13:40:26,https://in.tradingview.com/chart/?symbol=NSE:ONGC,238.31,35.6031770605717,0.014516815666240968,-0.20906073680716897,-0.023359698373017435,253.91760000000008,259.15109999999976,243.9136941293975,251.63710442290696,Up
OPTIEMUS,Telecommunication,BUY,0.9,1.52,34.45,48.71,52.09,Yes,1.78,0.3099743922268639,89.0,2026-07-29 13:40:26,https://in.tradingview.com/chart/?symbol=NSE:OPTIEMUS,624.8,74.44261317789875,0.3445233483968151,0.48708794478162565,0.5209347614410904,490.45500000000015,473.9245000000001,605.4729153640313,555.0249351451458,Up
ORCHPHARMA,Healthcare,HOLD,1.63,0.04,2.95,71.1,42.03,Yes,2.46,0.5210080166179877,96.0,2026-07-29 13:40:26,https://in.tradingview.com/chart/?symbol=NSE:ORCHPHARMA,1001.45,53.2015627577387,0.029451069078947567,0.7110029044934223,0.42029499361792655,925.3540000000003,752.1540000000003,1001.3715940566908,932.0886266249579,Up
ORIENTCEM,Construction Materials,SELL,2.09,0.69,2.83,-7.02,-17.63,No,-1.45,-0.2195691038312948,6.0,2026-07-29 13:40:26,https://in.tradingview.com/chart/?symbol=NSE:ORIENTCEM,137.55,52.395677483283194,0.028257456828885363,-0.07023117480059471,-0.17629798191508472,136.17039999999997,157.78535,136.26686350858887,131.4612009092497,Up
OSWALPUMPS,Capital Goods,SELL,-0.04,-3.33,-18.63,-16.82,-18.76,No,-1.49,-0.32239145263101576,1.0,2026-07-29 13:40:26,https://in.tradingview.com/chart/?symbol=NSE:OSWALPUMPS,344.5,32.033272245182694,-0.18625250974371088,-0.16817578172159842,-0.18759580238179463,393.25899999999996,455.8199999999997,361.7218010067643,389.0521593818253,Up
PAGEIND,Textiles,SELL,-0.25,1.13,-2.66,7.37,22.49,Yes,0.42,0.04050540701345777,57.0,2026-07-29 13:40:26,https://in.tradingview.com/chart/?symbol=NSE:PAGEIND,40270.0,50.44693499640882,-0.02658931592941749,0.07372350353286228,0.2249429657794677,39747.70000000001,37014.100000000006,40251.88647491725,42781.422255871184,Up
PARADEEP,Chemicals,HOLD,12.45,12.37,15.08,16.49,16.64,Yes,0.64,0.04428639733748857,58.0,2026-07-29 13:40:26,https://in.tradingview.com/chart/?symbol=NSE:PARADEEP,156.54,72.23732468524993,0.15077556421377625,0.16490549188867387,0.16638104463154746,134.03300000000002,139.3913,141.84537087892045,135.49057039804768,Up
PARAS,Capital Goods,SELL,2.22,-0.87,-5.95,50.34,87.06,Yes,1.96,0.6274420649597426,97.0,2026-07-29 13:40:26,https://in.tradingview.com/chart/?symbol=NSE:PARAS,1212.4,51.911019619001415,-0.05946239478685844,0.5033790067580135,0.8705546555581272,1118.09,801.6472500000003,1208.9934619487867,1342.9432538333695,Up
PARKHOTELS,Consumer Services,SELL,1.33,-4.43,1.33,-3.19,-2.61,No,-0.56,-0.10301521048860143,24.0,2026-07-29 13:40:26,https://in.tradingview.com/chart/?symbol=NSE:PARKHOTELS,121.54,44.99652086494996,0.013255523134639402,-0.031939466348068435,-0.02612179487179478,121.30740000000004,127.38520000000005,123.48312685223975,119.92123136156147,Up
PATANJALI,Fast Moving Consumer Goods,SELL,4.14,6.25,-13.11,-23.0,-30.11,No,-2.67,-0.32054704963969133,1.0,2026-07-29 13:40:26,https://in.tradingview.com/chart/?symbol=NSE:PATANJALI,357.15,36.77706392835996,-0.13112760004865598,-0.23003126010563768,-0.3010763209393347,410.0450000000001,496.6612500000001,350.8481320623785,369.4208888360651,Up
PATELENG,Construction,SELL,2.73,-4.3,-20.41,-4.27,-5.51,No,-0.46,-0.12725552341016438,19.0,2026-07-29 13:40:26,https://in.tradingview.com/chart/?symbol=NSE:PATELENG,27.8,37.0231384463275,-0.2041225307758373,-0.04269972451790627,-0.055064581917063204,29.510400000000015,29.642200000000024,28.589408308883364,30.764459763147237,Up
PAYTM,Financial Services,SELL,1.69,4.97,16.51,17.79,5.51,Yes,0.88,0.14688474527593937,74.0,2026-07-29 13:40:26,https://in.tradingview.com/chart/?symbol=NSE:PAYTM,1330.0,62.668488372196435,0.16513359614542278,0.17787716423858635,0.05513685045616823,1179.886,1197.8119999999994,1304.229574149899,1392.2865323396827,Up
PCBL,Chemicals,HOLD,14.86,13.54,13.87,23.38,31.57,Yes,0.92,0.12865094290384282,72.0,2026-07-29 13:40:26,https://in.tradingview.com/chart/?symbol=NSE:PCBL,365.7,70.40341591786526,0.13872022419430174,0.2338056680161944,0.31570426335671886,306.98100000000005,304.7570000000001,330.07357993132206,307.84789706296385,Up
PCJEWELLER,Consumer Durables,SELL,-1.3,-7.8,3.88,-3.91,-14.63,No,-0.6,-0.17766284187595127,11.0,2026-07-29 13:40:26,https://in.tradingview.com/chart/?symbol=NSE:PCJEWELLER,9.1,43.68067799516517,0.038812785388127935,-0.03907074973600855,-0.14634146341463417,9.218400000000003,9.909200000000002,9.457693608834735,10.524724594490802,Up
PERSISTENT,Information Technology,HOLD,1.01,7.54,26.74,14.15,-13.25,No,0.3,0.008959593755758123,50.0,2026-07-29 13:40:26,https://in.tradingview.com/chart/?symbol=NSE:PERSISTENT,5483.3,65.90625850438285,0.26737547671327877,0.14152180701571782,-0.1324578751681038,4991.847999999999,5483.374500000007,5249.132987180327,5047.688967190938,Up
PETRONET,Oil Gas & Consumable Fuels,SELL,-0.25,-0.91,-1.32,-0.22,0.75,No,-0.17,-0.018176528730882116,44.0,2026-07-29 13:40:26,https://in.tradingview.com/chart/?symbol=NSE:PETRONET,277.1,50.56761226864302,-0.013176638176638167,-0.002232464352585395,0.007453190329031134,276.459,279.22954999999996,275.7902665213441,289.0462480828635,Up
PFC,Financial Services,SELL,1.71,3.59,0.66,-11.28,17.11,Yes,-0.6,0.00696007402378931,50.0,2026-07-29 13:40:26,https://in.tradingview.com/chart/?symbol=NSE:PFC,427.1,58.37416570992192,0.006599104407259082,-0.11279601163273778,0.17109953386344956,422.3929999999999,403.5415000000001,416.7545419360403,429.8039362619368,Up
PFIZER,Healthcare,SELL,0.94,2.38,7.11,-1.35,0.67,No,-0.48,-0.048059388731616734,37.0,2026-07-29 13:40:26,https://in.tradingview.com/chart/?symbol=NSE:PFIZER,4755.1,61.846510913891,0.07111321349731958,-0.013485197402543503,0.006732581034446294,4577.87,4841.521000000001,4674.075314230126,4485.051146147288,Up
PGEL,Consumer Durables,HOLD,4.61,6.44,14.82,8.77,15.47,Yes,0.44,0.02785814385569356,54.0,2026-07-29 13:40:26,https://in.tradingview.com/chart/?symbol=NSE:PGEL,612.45,63.11944075561203,0.14820022497187857,0.08773643548530341,0.15469457013574672,536.529,553.3282499999997,591.9714122177327,559.354351735187,Up
PGHH,Fast Moving Consumer Goods,SELL,-4.17,-4.46,-5.34,-15.63,-29.84,No,-3.01,-0.2673583643548899,2.0,2026-07-29 13:40:26,https://in.tradingview.com/chart/?symbol=NSE:PGHH,8598.5,34.21262891829348,-0.053445618670189377,-0.15626533215582372,-0.29836801305589555,9122.51,11150.472500000003,8861.621602830844,9141.18193911069,Up
PGIL,Textiles,BUY,3.37,2.8,2.23,32.45,43.05,Yes,1.76,0.3939512329704362,93.0,2026-07-29 13:40:26,https://in.tradingview.com/chart/?symbol=NSE:PGIL,2060.6,59.32038285839035,0.02232585830521927,0.32454843478819817,0.4304755293300937,1845.9700000000003,1612.9400000000005,2016.355792365288,1848.5646873779249,Up
PHOENIXLTD,Realty,SELL,-5.57,-7.06,-1.96,8.43,8.05,Yes,0.77,0.1369629022615865,73.0,2026-07-29 13:40:26,https://in.tradingview.com/chart/?symbol=NSE:PHOENIXLTD,1910.5,38.601831228615836,-0.019552499230216513,0.08434076848856353,0.08047732156995813,1912.6899999999998,1772.4349999999993,2020.7138566764775,2105.8666598102827,Up
PIDILITIND,Chemicals,HOLD,0.64,1.32,2.34,17.04,12.19,Yes,1.34,0.1251993742575276,71.0,2026-07-29 13:40:26,https://in.tradingview.com/chart/?symbol=NSE:PIDILITIND,1629.9,62.04300227946458,0.023356564324731544,0.17040068935803543,0.12190253303964771,1547.1499999999994,1470.2874999999997,1599.0572358251081,1535.5375332051085,Up
PIIND,Chemicals,SELL,1.5,1.84,7.52,-11.31,-13.35,No,-1.39,-0.18447618229185328,9.0,2026-07-29 13:40:26,https://in.tradingview.com/chart/?symbol=NSE:PIIND,2747.3,56.12162912016962,0.07522210480998792,-0.11308755165289253,-0.13345319202624273,2728.0139999999997,3100.279000000002,2705.0609797095963,2579.6888663341974,Up
PNB,Financial Services,SELL,-0.51,0.32,4.11,-0.28,-11.25,No,-0.36,-0.037513045097016764,39.0,2026-07-29 13:40:26,https://in.tradingview.com/chart/?symbol=NSE:PNB,111.08,59.593445968520925,0.04114724903927258,-0.002783014633270464,-0.11249600511345481,106.7908,115.44000000000004,110.18470872081505,105.56889638168522,Up
PNBHOUSING,Financial Services,HOLD,-0.91,-2.09,2.05,1.55,23.19,Yes,0.4,0.09009235251324477,64.0,2026-07-29 13:40:26,https://in.tradingview.com/chart/?symbol=NSE:PNBHOUSING,1059.7,47.31832369575957,0.020512326656394464,0.015476019357002713,0.2318512060447544,1047.9239999999995,934.9547500000002,1074.754265993055,1026.8740407097403,Up
PNCINFRA,Construction,HOLD,2.7,2.52,5.27,8.98,6.72,Yes,0.19,-0.030709020081461903,41.0,2026-07-29 13:40:26,https://in.tradingview.com/chart/?symbol=NSE:PNCINFRA,240.29,55.03639120024716,0.05265694134139398,0.08975056689342398,0.06724405951587831,225.16099999999992,231.1877499999999,239.16868173738885,226.73458151084017,Up
PNGJL,Consumer Durables,HOLD,-1.35,5.27,25.0,-0.07,18.4,Yes,0.23,0.05359188179815786,59.0,2026-07-29 13:40:26,https://in.tradingview.com/chart/?symbol=NSE:PNGJL,670.15,72.12249871367385,0.2500466330908411,-0.0007455453664355627,0.1840106007067137,569.125,599.8022499999997,646.8091283152695,618.7457162523015,Up
POLICYBZR,Financial Services,SELL,1.76,4.07,-1.07,-3.37,-6.03,No,-0.39,-0.049789667998034734,36.0,2026-07-29 13:40:26,https://in.tradingview.com/chart/?symbol=NSE:POLICYBZR,1611.2,54.077857456116504,-0.010684023087314198,-0.033705169725320894,-0.06030561063804962,1619.536,1653.0030000000002,1572.6346811727199,1656.8171260789868,Up
POLYCAB,Capital Goods,SELL,-0.82,-0.48,-9.18,9.61,29.26,Yes,1.05,0.19181896773185558,79.0,2026-07-29 13:40:26,https://in.tradingview.com/chart/?symbol=NSE:POLYCAB,9047.0,44.66680117552643,-0.09175785563698424,0.09607463048219045,0.29261323046149457,9441.780000000002,8106.672500000005,9055.155642871303,9578.924916048038,Up
POLYMED,Healthcare,HOLD,1.41,-0.2,-0.97,10.54,3.85,Yes,0.27,-0.017337032523633035,44.0,2026-07-29 13:40:26,https://in.tradingview.com/chart/?symbol=NSE:POLYMED,1671.0,53.06031327451016,-0.009719094464857192,0.10537805120063504,0.03853325046612799,1573.3239999999996,1615.1919999999993,1669.5420138097854,1564.775314875923,Up
POLYPLEX,Capital Goods,HOLD,-1.61,0.71,18.01,18.9,33.6,Yes,1.08,0.1702814556118548,77.0,2026-07-29 13:40:26,https://in.tradingview.com/chart/?symbol=NSE:POLYPLEX,1123.0,63.32118953094667,0.18011769651113907,0.188988883006882,0.3359505115393766,988.0729999999999,897.9834999999998,1116.274101328855,1047.4889597703052,Up
POONAWALLA,Financial Services,HOLD,3.38,1.82,9.19,15.8,7.57,Yes,0.72,0.07531388028587027,62.0,2026-07-29 13:40:26,https://in.tradingview.com/chart/?symbol=NSE:POONAWALLA,481.6,62.19583257822523,0.09193968937762165,0.15797066602548693,0.07572034844762121,430.204,445.22225000000026,469.33089677173666,435.5591173575301,Up
POWERGRID,Power,SELL,-0.86,-2.23,-1.21,-11.33,9.1,No,-1.25,-0.0406361626053708,38.0,2026-07-29 13:40:26,https://in.tradingview.com/chart/?symbol=NSE:POWERGRID,282.85,43.31197705648928,-0.012050296891372603,-0.1133228840125391,0.09103182256509168,287.81500000000005,286.12274999999994,286.0934349191034,296.32191350194904,Up
POWERINDIA,Capital Goods,SELL,1.75,-1.19,-9.29,-3.44,88.02,Yes,1.05,0.45385691323331356,95.0,2026-07-29 13:40:26,https://in.tradingview.com/chart/?symbol=NSE:POWERINDIA,31675.0,43.85512572119036,-0.09292668957617412,-0.034445968602347166,0.880156704457767,34135.09999999999,25479.364999999998,31820.58241745449,34350.351681903536,Up
POWERMECH,Construction,SELL,0.9,4.75,-3.74,7.26,26.34,Yes,0.43,0.04497142574144379,58.0,2026-07-29 13:40:26,https://in.tradingview.com/chart/?symbol=NSE:POWERMECH,2659.8,53.3841128207808,-0.03735070575461452,0.07258649891120261,0.26344290328709885,2630.8,2367.657999999999,2617.297958465683,2766.0993835349755,Up
PPLPHARMA,Healthcare,HOLD,1.16,10.49,16.41,18.98,25.04,Yes,0.85,0.10921802331414168,69.0,2026-07-29 13:40:26,https://in.tradingview.com/chart/?symbol=NSE:PPLPHARMA,195.68,69.20930164682225,0.16413825926586956,0.18976105064753446,0.2503514376996805,172.51080000000005,170.36435,186.05374204241772,176.75426571821868,Up
PRAJIND,Capital Goods,SELL,2.55,-5.02,-11.61,-21.5,5.44,No,-1.34,-0.1720221659044699,12.0,2026-07-29 13:40:26,https://in.tradingview.com/chart/?symbol=NSE:PRAJIND,310.15,31.0199635210056,-0.11612995155314909,-0.21500885851683127,0.054394016658167565,350.356,335.6660000000001,322.8515565903523,336.2012044387333,Up
PREMIERENE,Capital Goods,SELL,1.9,1.4,-1.41,-0.11,40.07,Yes,0.27,0.0720787034525442,62.0,2026-07-29 13:40:26,https://in.tradingview.com/chart/?symbol=NSE:PREMIERENE,1036.2,46.12807967209658,-0.014081826831588873,-0.0011085940135922012,0.400743494423792,1052.1439999999998,938.8532499999998,1040.9501678428564,1016.449369436112,Up
PRESTIGE,Realty,HOLD,-0.55,0.6,6.93,19.28,17.6,Yes,0.87,0.09286237036158251,65.0,2026-07-29 13:40:26,https://in.tradingview.com/chart/?symbol=NSE:PRESTIGE,1673.0,55.9851948781525,0.06928288380416725,0.1927848281762441,0.17601574581751733,1530.3640000000003,1517.146,1659.7858764205957,1558.656705220448,Up
PRICOLLTD,Automobile and Auto Components,HOLD,-0.68,9.13,9.67,10.73,9.78,Yes,0.87,0.20688556439495687,81.0,2026-07-29 13:40:26,https://in.tradingview.com/chart/?symbol=NSE:PRICOLLTD,660.55,69.41857389482003,0.09671260169350826,0.10728354706227483,0.09780621572212045,590.0080000000002,587.6505000000003,640.3714573337375,612.6567346577874,Up
PRINCEPIPE,Capital Goods,SELL,1.81,1.46,-7.89,-0.94,8.74,No,-0.25,-0.07161504369381758,33.0,2026-07-29 13:40:26,https://in.tradingview.com/chart/?symbol=NSE:PRINCEPIPE,264.5,46.657128048480175,-0.07887863485982927,-0.009437495318702638,0.0873586844809866,272.22200000000004,267.09455,263.7914799660964,280.1737659577785,Up
PRIVISCL,Chemicals,BUY,2.15,0.84,0.96,13.39,36.78,Yes,1.43,0.28718065764275863,88.0,2026-07-29 13:40:26,https://in.tradingview.com/chart/?symbol=NSE:PRIVISCL,3707.3,60.04705857400168,0.009558302924677298,0.13393894904263792,0.36775502674783267,3488.758,3104.021999999999,3650.434552207931,3450.8519852437466,Up
PRSMJOHNSN,Construction Materials,SELL,0.86,-1.0,-8.21,-18.84,-12.94,No,-2.17,-0.23082321319856597,5.0,2026-07-29 13:40:26,https://in.tradingview.com/chart/?symbol=NSE:PRSMJOHNSN,107.9,34.7390410491002,-0.08209272649936195,-0.1884166980067693,-0.12941746006131993,116.43639999999998,128.87289999999996,109.00000895084294,115.11393152252438,Up
PRUDENT,Financial Services,HOLD,1.67,9.42,4.9,11.72,36.65,Yes,0.98,0.16317767465166166,76.0,2026-07-29 13:40:26,https://in.tradingview.com/chart/?symbol=NSE:PRUDENT,3141.0,64.44325559348147,0.04902812103399912,0.11715749039692702,0.3665433978681749,2876.986,2622.4684999999995,2971.3298039561405,2841.4298517808,Up
PTC,Power,SELL,1.15,0.06,-7.28,-18.42,6.78,No,-0.99,-0.08171647036456284,30.0,2026-07-29 13:40:26,https://in.tradingview.com/chart/?symbol=NSE:PTC,167.81,40.516600302543026,-0.07277047187534524,-0.18423994944339117,0.06776533469076096,181.20300000000003,172.89285000000004,168.07750434978004,178.0132963538504,Up
PTCIL,Capital Goods,SELL,0.54,1.09,4.79,12.39,0.91,Yes,0.62,0.10939113764931988,69.0,2026-07-29 13:40:26,https://in.tradingview.com/chart/?symbol=NSE:PTCIL,17971.0,55.365662474632806,0.047932824071374336,0.12388993120700431,0.009096524229322167,17627.699999999997,17389.10000000001,17837.9904908874,18839.97209562015,Up
PURVA,Realty,SELL,0.01,-0.13,-0.15,-0.36,-8.07,No,-0.27,-0.10852013619775788,23.0,2026-07-29 13:40:26,https://in.tradingview.com/chart/?symbol=NSE:PURVA,214.99,46.25012229069565,-0.0014862291579582632,-0.0035687801260658736,-0.08068930129137097,218.34780000000003,226.99975,217.50779597757293,236.19592317516165,Up
PVRINOX,Media Entertainment & Publication,HOLD,1.95,14.84,18.55,8.39,19.07,Yes,0.66,0.08996171378645434,64.0,2026-07-29 13:40:26,https://in.tradingview.com/chart/?symbol=NSE:PVRINOX,1140.0,75.38355816133081,0.18546248635158324,0.0839077727596862,0.19072487988301656,991.8389999999998,1028.94025,1070.4240636771551,1041.383011345048,Up
QUESS,Services,BUY,1.37,3.97,14.87,53.82,53.33,Yes,2.35,0.37778667422000894,92.0,2026-07-29 13:40:26,https://in.tradingview.com/chart/?symbol=NSE:QUESS,307.4,72.02244001798906,0.1486865214304396,0.5382305844675739,0.533320031923384,257.064,220.38005,298.6298509365617,276.8593214922845,Up
RADICO,Fast Moving Consumer Goods,BUY,1.96,5.46,10.86,28.67,46.44,Yes,2.5,0.39314291401696116,93.0,2026-07-29 13:40:26,https://in.tradingview.com/chart/?symbol=NSE:RADICO,4373.8,75.97192079466116,0.10855404891648712,0.2867145210637798,0.4643765903307888,3807.608,3228.0604999999987,4184.95889685615,4059.272116240458,Up
RAILTEL,Telecommunication,SELL,2.43,1.24,-4.69,-11.68,-12.67,No,-1.1,-0.16866714588304377,12.0,2026-07-29 13:40:26,https://in.tradingview.com/chart/?symbol=NSE:RAILTEL,293.5,42.79463996454241,-0.04692320181847698,-0.1167619620824556,-0.1267479916691462,309.382,326.5148,291.9857229691199,304.80793252797554,Up
RAIN,Chemicals,BUY,1.95,3.66,23.51,70.67,60.92,Yes,2.29,0.6488123249521529,98.0,2026-07-29 13:40:26,https://in.tradingview.com/chart/?symbol=NSE:RAIN,224.57,63.326445504628055,0.2351226487735123,0.7067183462532298,0.6092439985668217,195.71499999999995,147.34130000000002,219.45299181140797,197.5020154947147,Up
RAINBOW,Healthcare,HOLD,1.51,0.12,5.48,20.11,26.95,Yes,1.74,0.15187179356847236,74.0,2026-07-29 13:40:26,https://in.tradingview.com/chart/?symbol=NSE:RAINBOW,1491.7,60.01925167887048,0.05480130108895498,0.20114340929221353,0.26953191489361705,1418.7219999999998,1306.328,1478.4551440264336,1384.787235971496,Up
RALLIS,Chemicals,SELL,1.45,-3.94,-1.71,-16.34,-19.2,No,-1.88,-0.23158498876967937,4.0,2026-07-29 13:40:26,https://in.tradingview.com/chart/?symbol=NSE:RALLIS,218.73,40.40918020832982,-0.0170763492562801,-0.16339644291451516,-0.19198374584410782,232.02300000000002,255.2299500000001,223.07983962798423,237.90278616834652,Up
RAMCOCEM,Construction Materials,SELL,1.93,2.09,-0.42,-3.22,-14.47,No,-0.82,-0.10244162106425421,25.0,2026-07-29 13:40:26,https://in.tradingview.com/chart/?symbol=NSE:RAMCOCEM,926.0,53.06731291560097,-0.00424754019033291,-0.03219063545150502,-0.14465176427119886,903.6860000000001,998.8825000000005,919.1383558694038,882.3403985046584,Up
RATEGAIN,Information Technology,SELL,1.07,2.41,2.1,56.02,42.02,Yes,2.55,0.5872505721934747,97.0,2026-07-29 13:40:26,https://in.tradingview.com/chart/?symbol=NSE:RATEGAIN,918.0,55.007321278938136,0.02096424400823005,0.5601631543167913,0.42017326732673266,847.512,672.2615000000001,915.196580692028,978.264856982773,Up
RATNAMANI,Capital Goods,SELL,2.19,-2.86,-4.06,-10.03,21.44,No,-0.3,-0.022151322725082936,43.0,2026-07-29 13:40:26,https://in.tradingview.com/chart/?symbol=NSE:RATNAMANI,2408.0,38.05174849508367,-0.04063745019920317,-0.10025034562642465,0.21444422029453292,2567.8179999999993,2412.990499999999,2450.112057658313,2593.665281913049,Up
RAYMONDLSL,Textiles,SELL,0.83,0.27,-9.21,-12.01,-22.78,No,-1.37,-0.25539378123790346,3.0,2026-07-29 13:40:26,https://in.tradingview.com/chart/?symbol=NSE:RAYMONDLSL,713.15,36.39545780766101,-0.092106938255888,-0.12005675859090637,-0.22777476989713052,753.5319999999999,917.5110000000003,716.859099290527,765.0799299686764,Up
RBA,Consumer Services,SELL,0.6,1.73,-15.29,4.65,4.0,Yes,0.01,-0.02360693126762939,43.0,2026-07-29 13:40:26,https://in.tradingview.com/chart/?symbol=NSE:RBA,67.07,40.90558924557328,-0.15294266228845688,0.046497113434232906,0.040006202512017364,70.69379999999998,66.21809999999999,67.18810206921836,71.06035865406427,Up
RBLBANK,Financial Services,HOLD,1.71,4.4,0.57,15.71,25.3,Yes,1.27,0.22638204983967283,82.0,2026-07-29 13:40:26,https://in.tradingview.com/chart/?symbol=NSE:RBLBANK,371.15,55.03825829578067,0.005690285869123235,0.15713172252533125,0.25303848750844016,359.8990000000001,323.53675,364.25489536356673,349.0358805841205,Up
RCF,Chemicals,SELL,1.28,1.52,-2.31,-1.8,-2.36,No,-0.44,-0.07590131688972629,31.0,2026-07-29 13:40:26,https://in.tradingview.com/chart/?symbol=NSE:RCF,127.92,48.28698894788979,-0.023138602520045737,-0.017964071856287345,-0.0235859858026104,129.2382,133.5366000000001,126.90914301557694,132.06326805791792,Up
RECLTD,Financial Services,HOLD,1.57,3.77,2.87,-0.41,2.2,Yes,-0.17,-0.011032473186596326,46.0,2026-07-29 13:40:26,https://in.tradingview.com/chart/?symbol=NSE:RECLTD,374.25,65.89503324984882,0.028724573941726117,-0.004124534326769624,0.02198252321135996,352.22,355.61274999999995,364.5472086629737,351.3212545237984,Up
REDINGTON,Services,HOLD,3.38,8.12,4.08,33.72,10.81,Yes,1.34,0.1598751071451533,76.0,2026-07-29 13:40:26,https://in.tradingview.com/chart/?symbol=NSE:REDINGTON,287.45,63.339386269545834,0.04080672025490606,0.33716332511513225,0.10813415574402474,257.75360000000006,256.195,275.02811791064494,257.12556907312944,Up
REFEX,Chemicals,SELL,-4.01,1.16,-11.58,18.46,34.59,Yes,0.76,0.06708226047846295,61.0,2026-07-29 13:40:26,https://in.tradingview.com/chart/?symbol=NSE:REFEX,314.95,45.17008968730785,-0.11580572711959569,0.18455694298179637,0.3459401709401708,321.71299999999997,284.4207500000001,320.69739020142094,345.9930901383272,Up
RELAXO,Consumer Durables,HOLD,4.38,1.89,0.83,34.42,12.07,Yes,0.8,0.11106367902574935,70.0,2026-07-29 13:40:26,https://in.tradingview.com/chart/?symbol=NSE:RELAXO,409.1,56.122112804034096,0.008256315465188013,0.344220279950056,0.12066840158882353,365.427,365.6004,402.2414551167672,377.5344358114998,Up
RELIANCE,Oil Gas & Consumable Fuels,SELL,0.65,-0.99,-1.39,-8.14,-9.03,No,-1.33,-0.09781426387393853,26.0,2026-07-29 13:40:26,https://in.tradingview.com/chart/?symbol=NSE:RELIANCE,1275.9,42.93644724324869,-0.01391143055877575,-0.08135934912520704,-0.09026737967914433,1306.9420000000002,1410.2490000000003,1283.8962164244635,1334.5324625622568,Up
RELIGARE,Financial Services,SELL,0.0,-4.36,-7.39,10.42,8.35,Yes,0.51,0.03248612523980441,55.0,2026-07-29 13:40:26,https://in.tradingview.com/chart/?symbol=NSE:RELIGARE,250.3,43.413507581395855,-0.0738548064826463,0.10415104327495706,0.08345597783741665,251.04080000000005,240.19369999999998,255.6474299645509,274.0836187768259,Up
RENUKA,Fast Moving Consumer Goods,SELL,0.79,-0.95,-1.45,-21.09,-8.25,No,-1.68,-0.21586759172213643,6.0,2026-07-29 13:40:26,https://in.tradingview.com/chart/?symbol=NSE:RENUKA,21.81,41.016614475337995,-0.014460009037505661,-0.2109261939218524,-0.08245687841817417,22.69540000000001,25.588449999999995,22.014383909376235,23.423542265218426,Up
RHIM,Capital Goods,SELL,0.8,-0.87,7.41,-3.58,-8.69,No,-0.33,-0.09325612892790591,28.0,2026-07-29 13:40:26,https://in.tradingview.com/chart/?symbol=NSE:RHIM,395.0,49.29161545755001,0.0740992522093813,-0.03576223605516904,-0.08691631992602866,389.64599999999996,421.14874999999984,398.6959132504644,367.76457798247765,Up
RITES,Construction,SELL,2.18,1.36,7.07,-1.41,-1.16,No,-0.28,-0.07276343795059931,32.0,2026-07-29 13:40:26,https://in.tradingview.com/chart/?symbol=NSE:RITES,218.96,52.028288698252744,0.07065669160432253,-0.014137775776677075,-0.011645752460052283,212.40380000000005,222.2347,217.26485702918058,210.4388190673044,Up
RKFORGE,Automobile and Auto Components,HOLD,1.84,11.56,13.69,6.63,25.19,Yes,0.62,0.11068590335521225,70.0,2026-07-29 13:40:26,https://in.tradingview.com/chart/?symbol=NSE:RKFORGE,642.25,71.53112145714906,0.13692688971499378,0.06632907189108428,0.2519493177387915,572.9259999999999,547.2542499999997,603.7215156688313,580.5938670373746,Up
ROUTE,Telecommunication,SELL,-0.24,-3.01,5.97,3.77,-11.0,No,-0.43,-0.14054936499333268,17.0,2026-07-29 13:40:26,https://in.tradingview.com/chart/?symbol=NSE:ROUTE,550.0,49.03168973736902,0.05973025048169567,0.037735849056603765,-0.10996035277935112,538.301,587.9202500000002,559.7960083146428,617.4558281675102,Up
RPOWER,Power,SELL,0.43,-2.52,-5.15,-20.27,-21.39,No,-1.86,-0.3435037073320193,1.0,2026-07-29 13:40:26,https://in.tradingview.com/chart/?symbol=NSE:RPOWER,23.56,38.14712302501012,-0.05152979066022545,-0.2027072758037226,-0.2138805472138806,25.815600000000007,30.718399999999995,23.92418573271234,26.034085563071834,Up
RRKABEL,Capital Goods,BUY,-0.7,5.2,6.83,59.04,79.61,Yes,2.88,0.7572911212667993,98.0,2026-07-29 13:40:26,https://in.tradingview.com/chart/?symbol=NSE:RRKABEL,2558.9,64.7310558065138,0.06834502338009374,0.5903666873834681,0.7960974240190917,2250.7119999999995,1647.6365000000003,2466.0517819407605,2323.1081970708665,Up
RTNINDIA,Consumer Services,SELL,-0.22,-1.68,-5.55,-12.23,-9.69,No,-1.05,-0.23984121737987885,4.0,2026-07-29 13:40:26,https://in.tradingview.com/chart/?symbol=NSE:RTNINDIA,31.51,39.865739449237516,-0.0554556354916067,-0.12228412256267407,-0.0968758956721123,34.0826,37.34875000000001,31.90115672345163,34.458084637091574,Up
RTNPOWER,Power,SELL,-0.12,-1.39,-5.97,-16.34,3.03,No,-1.64,-0.19388359192214077,8.0,2026-07-29 13:40:26,https://in.tradingview.com/chart/?symbol=NSE:RTNPOWER,8.5,34.5423209419666,-0.05973451327433621,-0.1633858267716536,0.030303030303030276,9.132599999999996,9.3482,8.636876796852391,9.210686317864237,Up
RVNL,Construction,SELL,1.58,0.77,-4.66,-27.15,-31.66,No,-2.91,-0.31759971828235034,1.0,2026-07-29 13:40:26,https://in.tradingview.com/chart/?symbol=NSE:RVNL,224.83,40.08750002040061,-0.046643768816520326,-0.27152253507436086,-0.3166261398176291,238.04259999999994,293.93129999999996,224.7316349060537,236.90576219395123,Up
SAFARI,Consumer Durables,SELL,2.59,1.36,0.38,9.68,-18.37,No,-0.16,-0.0983150610670881,26.0,2026-07-29 13:40:26,https://in.tradingview.com/chart/?symbol=NSE:SAFARI,1600.0,49.868962695189346,0.0037641154328733606,0.09679188374006031,-0.18367346938775508,1592.6260000000002,1851.2120000000002,1589.7521438729566,1516.9391788278326,Up
SAGILITY,Information Technology,SELL,3.96,9.01,13.88,8.72,-14.44,No,0.23,0.006015056319241309,50.0,2026-07-29 13:40:26,https://in.tradingview.com/chart/?symbol=NSE:SAGILITY,44.87,66.27171938024723,0.1388324873096447,0.087230433729101,-0.14435545385202142,40.919799999999995,45.150150000000025,42.52575483031943,39.64086552335213,Up
SAIL,Metals & Mining,SELL,3.08,5.54,-1.46,-7.9,12.73,Yes,0.12,0.1066578422211304,69.0,2026-07-29 13:40:26,https://in.tradingview.com/chart/?symbol=NSE:SAIL,170.96,54.32264004916834,-0.014582973082022055,-0.07902817432527065,0.12733267392021097,178.78340000000003,157.90695000000002,165.09486085763706,173.4221367737285,Up
SAILIFE,Healthcare,BUY,1.18,5.23,6.61,25.57,59.3,Yes,2.3,0.44595229258692115,95.0,2026-07-29 13:40:26,https://in.tradingview.com/chart/?symbol=NSE:SAILIFE,1315.9,63.272683318001995,0.06611034594507026,0.2556896798511379,0.5930028448641125,1214.92,1003.85675,1279.4606720012748,1203.5458811562303,Up
SAMHI,Consumer Services,HOLD,3.04,11.03,3.98,13.87,5.15,Yes,0.37,-0.008279646065802337,47.0,2026-07-29 13:40:26,https://in.tradingview.com/chart/?symbol=NSE:SAMHI,181.72,61.366257192886216,0.03982604715037774,0.13873919037473348,0.05149866913551682,168.73639999999997,171.68215,174.5577356467442,162.6743615859918,Up
SAMMAANCAP,Financial Services,SELL,-0.73,-0.93,-6.65,13.05,15.79,Yes,0.69,0.10551145573745149,68.0,2026-07-29 13:40:26,https://in.tradingview.com/chart/?symbol=NSE:SAMMAANCAP,162.07,45.17421404872117,-0.06652459394079024,0.13051060267857117,0.1578909766378509,169.10020000000006,156.43329999999997,162.88237333290226,172.87923053200436,Up
SANDUMA,Oil Gas & Consumable Fuels,SELL,3.48,6.99,2.81,-3.78,-3.07,No,-0.05,0.026919965569537456,54.0,2026-07-29 13:40:26,https://in.tradingview.com/chart/?symbol=NSE:SANDUMA,208.56,56.949473016032634,0.028148878481636608,-0.03778546712802766,-0.030674846625766805,211.64919999999995,211.80019999999996,200.23301420279,210.2009127410699,Up
SANOFI,Healthcare,SELL,1.69,0.31,0.4,-1.42,-15.67,No,-1.72,-0.1781023968846482,11.0,2026-07-29 13:40:26,https://in.tradingview.com/chart/?symbol=NSE:SANOFI,3419.9,56.34236249546237,0.003992601943457741,-0.014239183696999391,-0.15668384583138117,3307.464000000001,3841.9584999999997,3390.7903203319534,3258.9217026597535,Up
SANOFICONR,Healthcare,HOLD,0.17,2.16,2.57,0.69,14.28,Yes,0.08,0.017759613887211013,52.0,2026-07-29 13:40:26,https://in.tradingview.com/chart/?symbol=NSE:SANOFICONR,4715.0,59.282933782520395,0.025668914509462626,0.0069407367859049,0.1428086674099569,4656.564000000001,4539.4765,4654.292995296977,4466.877474014083,Up
SANSERA,Automobile and Auto Components,HOLD,1.76,-0.68,1.15,25.47,90.65,Yes,2.38,0.7953495639496505,99.0,2026-07-29 13:40:26,https://in.tradingview.com/chart/?symbol=NSE:SANSERA,3233.1,55.00901266648618,0.011544959639572028,0.25474444056351153,0.9065337893619532,3043.7819999999992,2204.9514999999997,3227.698925025332,3017.556931737559,Up
SAPPHIRE,Consumer Services,SELL,5.12,7.33,7.15,11.11,-0.07,No,-0.08,-0.10840036803365302,23.0,2026-07-29 13:40:26,https://in.tradingview.com/chart/?symbol=NSE:SAPPHIRE,193.67,63.146389940022026,0.07153922761978526,0.11113023522662058,-0.000670794633643057,181.78160000000003,209.72655000000023,184.9252541576957,170.33840191832957,Up
SARDAEN,Metals & Mining,SELL,2.63,4.85,5.5,-13.12,11.86,No,-0.81,-0.002729794124584607,48.0,2026-07-29 13:40:26,https://in.tradingview.com/chart/?symbol=NSE:SARDAEN,523.6,59.6772265987255,0.05500705218617763,-0.1311706629055006,0.11856440931424905,516.9159999999999,523.6537500000001,508.52263913990976,531.1625677718365,Up
SAREGAMA,Media Entertainment & Publication,BUY,1.18,8.39,7.64,47.86,60.57,Yes,1.74,0.35411429519249676,91.0,2026-07-29 13:40:26,https://in.tradingview.com/chart/?symbol=NSE:SAREGAMA,530.45,65.45805644011341,0.07640016233766245,0.47860627177700366,0.6057212047828062,467.1370000000001,391.5099999999998,509.001798546061,469.55542187704435,Up
SBFC,Financial Services,SELL,-0.08,-2.33,-0.64,-4.57,-12.78,No,-0.93,-0.13065308339617135,19.0,2026-07-29 13:40:26,https://in.tradingview.com/chart/?symbol=NSE:SBFC,90.19,42.88823478638997,-0.006389776357827448,-0.04570944873558358,-0.1277562862669246,91.93400000000001,97.80325000000005,91.34864964342248,89.54594814084199,Up
SBICARD,Financial Services,SELL,0.86,5.37,11.35,2.02,-16.3,No,-0.81,-0.13650641099173932,17.0,2026-07-29 13:40:26,https://in.tradingview.com/chart/?symbol=NSE:SBICARD,660.5,63.30937975032434,0.11345246122724206,0.020155996602054138,-0.16297047269040676,615.1600000000001,746.5099999999995,641.2533334801491,608.7292058176214,Up
SBILIFE,Financial Services,SELL,0.31,4.88,7.32,4.79,-6.29,No,0.13,0.02243603684666562,53.0,2026-07-29 13:40:26,https://in.tradingview.com/chart/?symbol=NSE:SBILIFE,1894.9,63.07639565513402,0.07317211304298588,0.04789028369186532,-0.06285855588526212,1812.7379999999998,1921.668999999999,1860.1092552599753,1784.5300068727904,Up
SBIN,Financial Services,SELL,0.05,-1.1,-1.29,-7.11,-3.31,No,-0.38,0.034249285713100444,56.0,2026-07-29 13:40:26,https://in.tradingview.com/chart/?symbol=NSE:SBIN,1013.7,45.33995806682136,-0.012854221443178493,-0.07110785301933464,-0.03305193876090984,1010.294,1021.6885000000003,1022.0547771795268,998.7589209985251,Up
SCHAEFFLER,Automobile and Auto Components,HOLD,0.42,-0.89,-0.66,-2.83,16.72,Yes,-0.06,0.028424652122181256,54.0,2026-07-29 13:40:26,https://in.tradingview.com/chart/?symbol=NSE:SCHAEFFLER,4162.0,52.28294422301119,-0.006611451893930309,-0.02831928653141269,0.16723224051378427,4118.45,3997.110500000001,4148.266143096969,3997.877719834625,Up
SCHNEIDER,Capital Goods,SELL,-3.89,-4.57,-5.83,11.95,105.67,Yes,1.34,0.4506979902163212,95.0,2026-07-29 13:40:26,https://in.tradingview.com/chart/?symbol=NSE:SCHNEIDER,1280.9,42.50849034813016,-0.05830024996324068,0.11952104182143941,1.0566795118818244,1314.0699999999995,970.7267499999998,1335.3808799239737,1481.996141877909,Up
SCI,Services,SELL,-0.11,3.65,-8.75,-8.08,34.3,Yes,0.14,0.13193742498491084,72.0,2026-07-29 13:40:26,https://in.tradingview.com/chart/?symbol=NSE:SCI,278.6,42.83332158702895,-0.08745496233213224,-0.0808314087759815,0.34303895102198245,297.8459999999999,260.4191499999999,279.0217849559916,296.0002465507167,Up
SENCO,Consumer Durables,BUY,-1.25,5.55,25.2,30.18,32.63,Yes,1.43,0.2662953833277067,86.0,2026-07-29 13:40:26,https://in.tradingview.com/chart/?symbol=NSE:SENCO,413.4,71.48290701675563,0.25196850393700787,0.3018422295701464,0.3262752646775746,351.50499999999994,328.25174999999984,395.26837040386573,369.39170631097477,Up
SFL,Consumer Durables,BUY,3.22,5.86,5.68,53.57,45.54,Yes,2.14,0.37185377133596237,92.0,2026-07-29 13:40:26,https://in.tradingview.com/chart/?symbol=NSE:SFL,789.35,64.5145661427867,0.05683491765966009,0.5357003891050585,0.4554254632617314,707.922,611.1465000000003,766.8988284382029,720.6021663621364,Up
SHAILY,Capital Goods,BUY,-0.25,5.54,5.14,22.29,53.4,Yes,1.53,0.40639328919506823,94.0,2026-07-29 13:40:26,https://in.tradingview.com/chart/?symbol=NSE:SHAILY,3044.2,65.93361750867075,0.0513555517181834,0.2228649473768778,0.5339884101788863,2873.826,2421.3435000000013,2953.883846558887,2726.424975423197,Up
SHAKTIPUMP,Capital Goods,SELL,0.94,-2.56,-10.25,-7.98,-19.84,No,-0.95,-0.23060009341757026,5.0,2026-07-29 13:40:26,https://in.tradingview.com/chart/?symbol=NSE:SHAKTIPUMP,523.75,39.158682350605496,-0.1024762231171279,-0.07984891075193257,-0.19836228667636036,543.8829999999999,613.9524999999998,537.4377512040661,574.7837302830195,Up
SHARDACROP,Chemicals,SELL,-5.96,-5.55,-6.23,-29.06,-1.26,No,-0.87,-0.13235845757182707,18.0,2026-07-29 13:40:26,https://in.tradingview.com/chart/?symbol=NSE:SHARDACROP,824.7,30.879759390571607,-0.06225481835237934,-0.2906416652330981,-0.0126309488177192,898.5779999999997,941.93525,871.6280363051669,922.6997256315776,Up
SHARDAMOTR,Automobile and Auto Components,SELL,2.0,1.03,-2.51,-2.39,0.59,No,-0.48,-0.09509190822508432,27.0,2026-07-29 13:40:26,https://in.tradingview.com/chart/?symbol=NSE:SHARDAMOTR,847.15,49.53102744071209,-0.02514384349827392,-0.023852048165005524,0.005937184587068822,843.5269999999999,900.3424999999997,842.3875198482519,894.4598844766851,Up
SHAREINDIA,Financial Services,HOLD,-2.96,-8.82,29.33,19.84,20.13,Yes,0.69,0.0872020872323907,64.0,2026-07-29 13:40:26,https://in.tradingview.com/chart/?symbol=NSE:SHAREINDIA,173.9,54.64822746296803,0.2933214338836829,0.19840121287299284,0.2012987012987013,152.1708,152.76479999999992,181.50392855532016,168.93391093000793,Up
SHILPAMED,Healthcare,HOLD,-0.1,-1.43,1.04,48.26,123.84,Yes,2.66,0.631109021933986,97.0,2026-07-29 13:40:26,https://in.tradingview.com/chart/?symbol=NSE:SHILPAMED,604.6,51.76368292206968,0.010360962566845044,0.48258950465914663,1.2384302110329508,567.5870000000002,404.806,613.0196751701276,568.52637448583,Up
SHREECEM,Construction Materials,HOLD,-0.19,0.39,6.24,7.77,-2.21,Yes,0.06,-0.017866457409710827,44.0,2026-07-29 13:40:26,https://in.tradingview.com/chart/?symbol=NSE:SHREECEM,26825.0,56.9967430253247,0.06237623762376243,0.07774206508638004,-0.02205614290922353,25560.9,26080.749999999985,26792.652884346586,25428.962544099664,Up
SHRIPISTON,Automobile and Auto Components,BUY,1.3,-1.56,3.31,24.45,52.71,Yes,2.01,0.4790106426987868,96.0,2026-07-29 13:40:26,https://in.tradingview.com/chart/?symbol=NSE:SHRIPISTON,4326.0,59.787862417642,0.033099297893681046,0.24446234393878385,0.5270570793180134,3844.1199999999994,3222.060499999999,4268.887814920802,4018.0655322028456,Up
SHRIRAMFIN,Financial Services,HOLD,0.37,-1.33,0.24,9.59,3.9,Yes,1.01,0.2653722135444623,85.0,2026-07-29 13:40:26,https://in.tradingview.com/chart/?symbol=NSE:SHRIRAMFIN,1044.7,54.75209092474542,0.0024468646548001516,0.09593495934959351,0.03898557931377433,993.0840000000001,941.6822499999994,1037.1909809217861,1000.0421641747835,Up
SHYAMMETL,Capital Goods,HOLD,0.29,-0.01,8.42,17.35,28.15,Yes,1.32,0.1718040087200702,77.0,2026-07-29 13:40:26,https://in.tradingview.com/chart/?symbol=NSE:SHYAMMETL,1030.0,57.5588657235208,0.08421052631578951,0.17345485616633427,0.28149300155520995,981.4859999999999,878.0980000000005,1029.6323451403096,980.0557188859513,Up
SIEMENS,Capital Goods,SELL,-0.82,0.04,1.41,-4.61,24.68,Yes,0.16,0.09766762666767287,66.0,2026-07-29 13:40:26,https://in.tradingview.com/chart/?symbol=NSE:SIEMENS,3650.8,52.410738543902724,0.01413928164671252,-0.04611606093068221,0.2467727614234001,3641.004000000001,3334.9610000000007,3660.1814631559573,3733.779880516954,Up
SIGNATURE,Realty,SELL,2.36,4.87,10.83,-4.04,-7.63,No,-0.67,-0.1463037011796317,16.0,2026-07-29 13:40:26,https://in.tradingview.com/chart/?symbol=NSE:SIGNATURE,819.15,55.6345902418488,0.10830740089297786,-0.040358481724461104,-0.07628552097428953,797.5739999999995,927.74425,797.1678504854151,764.8856671750609,Up
SJVN,Power,SELL,2.03,0.52,-5.65,-15.61,-4.83,No,-1.69,-0.17906093588279098,11.0,2026-07-29 13:40:26,https://in.tradingview.com/chart/?symbol=NSE:SJVN,69.02,42.39544805753699,-0.056459330143540765,-0.156131556424991,-0.04826254826254828,71.85159999999999,75.75465000000001,68.60813645335193,70.97659896315923,Up
SKIPPER,Capital Goods,SELL,4.27,-0.65,-1.1,7.52,48.19,Yes,0.74,0.1520246380748228,74.0,2026-07-29 13:40:26,https://in.tradingview.com/chart/?symbol=NSE:SKIPPER,526.8,46.63644719055858,-0.01098282174035492,0.07521175630166343,0.48185654008438816,535.8510000000001,454.2675000000001,528.5957729995599,571.748695582219,Up
SKYGOLD,Consumer Durables,BUY,-2.24,-2.64,22.71,49.73,108.62,Yes,2.41,0.7633352394747717,98.0,2026-07-29 13:40:26,https://in.tradingview.com/chart/?symbol=NSE:SKYGOLD,653.5,64.15489512641635,0.22711482489907064,0.4973078244930691,1.086193136472466,555.467,406.1132500000001,651.8165748016991,594.7707365755077,Up
SOBHA,Realty,SELL,1.38,-4.42,-1.12,-5.07,1.44,No,-0.65,-0.0802975319939081,30.0,2026-07-29 13:40:26,https://in.tradingview.com/chart/?symbol=NSE:SOBHA,1363.0,38.19925006932657,-0.011244105912223468,-0.05070344059061149,0.014363325146982131,1403.4139999999995,1437.5294999999994,1392.5822254325894,1484.1820772098968,Up
SOLARINDS,Chemicals,HOLD,-0.9,-4.12,-3.29,18.14,40.14,Yes,1.47,0.2514330155484309,85.0,2026-07-29 13:40:26,https://in.tradingview.com/chart/?symbol=NSE:SOLARINDS,18080.0,46.84923820476039,-0.03294822421908428,0.1813904861474125,0.40144174870165106,18190.780000000002,14829.279999999993,18436.31803225921,17455.035409525433,Up
SONACOMS,Automobile and Auto Components,BUY,1.05,-0.83,16.23,20.32,53.59,Yes,2.16,0.3957658232272157,93.0,2026-07-29 13:40:26,https://in.tradingview.com/chart/?symbol=NSE:SONACOMS,720.5,70.82671797084598,0.1622842393934505,0.20323981295925186,0.5359198465146024,638.541,539.81875,712.0591584930667,679.031587334173,Up
SONATSOFTW,Information Technology,HOLD,6.65,7.39,18.61,23.47,1.28,Yes,0.48,0.01609452254888253,52.0,2026-07-29 13:40:26,https://in.tradingview.com/chart/?symbol=NSE:SONATSOFTW,317.45,63.299472419006264,0.18606388940780882,0.2347335667055619,0.012761205933960795,282.145,305.18545,299.9360748075562,273.7241229812875,Up
SOUTHBANK,Financial Services,SELL,-1.36,-3.15,1.88,17.58,1.15,Yes,1.08,0.2317459326414824,82.0,2026-07-29 13:40:26,https://in.tradingview.com/chart/?symbol=NSE:SOUTHBANK,46.49,52.1293833242328,0.018847249616480433,0.17577137076378357,0.011531766753698935,45.037200000000006,40.52764999999998,46.79480147913036,49.061106386480446,Up
SPARC,Healthcare,SELL,2.01,-0.37,-9.19,45.16,64.55,Yes,1.64,0.4982363408563643,96.0,2026-07-29 13:40:26,https://in.tradingview.com/chart/?symbol=NSE:SPARC,213.17,39.21503274462941,-0.09192758253461131,0.4516172965611167,0.6454650714010033,226.98799999999994,158.28174999999996,220.61091233842774,244.11566316803086,Up
SRF,Chemicals,SELL,0.39,-7.79,-3.48,4.38,-3.37,No,-0.13,-0.052324411513419204,36.0,2026-07-29 13:40:26,https://in.tradingview.com/chart/?symbol=NSE:SRF,2643.8,41.83011155073435,-0.034757210660825044,0.043825015792798405,-0.03366351109324173,2731.5660000000016,2779.878000000001,2708.1353397125768,2864.698147306643,Up
STAR,Healthcare,SELL,2.43,2.53,-2.37,1.43,23.41,Yes,0.57,0.15588130105061515,75.0,2026-07-29 13:40:26,https://in.tradingview.com/chart/?symbol=NSE:STAR,1067.0,49.99454666918251,-0.023698417055540433,0.014306763629450048,0.23409669211195916,1085.0539999999999,961.3432499999998,1050.752271097665,1016.9629770504654,Up
STARCEMENT,Construction Materials,SELL,0.49,-1.32,-2.27,-12.63,-5.36,No,-1.61,-0.12947806152474253,19.0,2026-07-29 13:40:26,https://in.tradingview.com/chart/?symbol=NSE:STARCEMENT,203.0,40.785782623479605,-0.022722896206431753,-0.12628045106309715,-0.053613053613053574,209.67920000000007,221.25904999999995,204.3472221422006,213.88421488224125,Up
STARHEALTH,Financial Services,BUY,2.54,3.26,1.68,15.76,37.43,Yes,1.8,0.25031213925777285,84.0,2026-07-29 13:40:26,https://in.tradingview.com/chart/?symbol=NSE:STARHEALTH,598.85,59.96716432413899,0.016809576364716916,0.1576454668470908,0.37429718875502016,560.8149999999999,496.61024999999967,588.4270193684054,559.231552442898,Up
STYRENIX,Chemicals,HOLD,1.68,2.08,8.04,6.59,30.07,Yes,0.38,0.03672601908806418,56.0,2026-07-29 13:40:26,https://in.tradingview.com/chart/?symbol=NSE:STYRENIX,2482.5,64.6201205926533,0.0803812342240402,0.06590811507084582,0.3006916064130778,2283.37,2139.2115000000013,2420.829397883763,2262.465499839305,Up
SUBROS,Capital Goods,SELL,0.88,-1.37,-6.93,0.02,0.87,No,-0.22,-0.07496522391974766,32.0,2026-07-29 13:40:26,https://in.tradingview.com/chart/?symbol=NSE:SUBROS,784.0,46.11280083516623,-0.06932573599240266,0.00019136314345846728,0.008749356664951025,774.1689999999999,822.4252499999999,790.0723665119028,840.372131290416,Up
SUDARSCHEM,Chemicals,HOLD,-0.13,0.06,16.89,14.13,14.94,Yes,0.42,0.017410678478818623,52.0,2026-07-29 13:40:26,https://in.tradingview.com/chart/?symbol=NSE:SUDARSCHEM,1031.0,58.604086005789625,0.1689342403628118,0.14130735595284216,0.149386845039019,946.7269999999999,954.4685,1033.6260135836533,967.866730893242,Up
SUMICHEM,Chemicals,HOLD,-5.05,-5.55,19.21,16.16,14.17,Yes,0.52,0.05399173384318659,60.0,2026-07-29 13:40:26,https://in.tradingview.com/chart/?symbol=NSE:SUMICHEM,501.7,48.92415945286116,0.1921112035166923,0.16161148413984727,0.14165434065308902,483.0369999999998,454.0127500000001,523.2942325861696,486.0323791213559,Up
SUNDARMFIN,Financial Services,SELL,1.27,1.32,-0.63,-2.11,-11.62,No,-0.45,-0.0633341369211273,34.0,2026-07-29 13:40:26,https://in.tradingview.com/chart/?symbol=NSE:SUNDARMFIN,4478.2,50.09932489615748,-0.00632391772250207,-0.021072880689022133,-0.11620288138938228,4425.376,4793.576000000001,4452.232266447211,4326.188990073443,Up
SUNDRMFAST,Automobile and Auto Components,HOLD,0.75,0.91,2.87,18.77,3.06,Yes,1.01,0.06696616169956343,61.0,2026-07-29 13:40:26,https://in.tradingview.com/chart/?symbol=NSE:SUNDRMFAST,960.95,61.9277155086984,0.028689182679441316,0.1876776665430726,0.030619905619905685,897.5410000000002,901.7819999999998,954.3075876794414,906.1795966103504,Up
SUNFLAG,Capital Goods,SELL,1.21,2.61,5.69,22.05,48.51,Yes,1.22,0.3023309201599178,89.0,2026-07-29 13:40:26,https://in.tradingview.com/chart/?symbol=NSE:SUNFLAG,359.4,55.05810007091748,0.0569033965593293,0.22045639771801118,0.48512396694214877,356.5539999999999,285.1742500000001,353.7334870403188,379.0857961616024,Up
SUNPHARMA,Healthcare,HOLD,0.67,2.41,6.84,13.88,21.77,Yes,1.77,0.16966165972824065,77.0,2026-07-29 13:40:26,https://in.tradingview.com/chart/?symbol=NSE:SUNPHARMA,1989.9,68.42941579902809,0.06840268456375842,0.1388427860127055,0.2176600171337657,1872.5559999999998,1769.6354999999999,1961.4685895555865,1896.2435521880282,Up
SUNTECK,Realty,SELL,0.67,6.33,-0.53,-12.24,-20.51,No,-0.96,-0.20506898491456615,8.0,2026-07-29 13:40:26,https://in.tradingview.com/chart/?symbol=NSE:SUNTECK,309.1,48.282993265944995,-0.005309734513274211,-0.12237365133446898,-0.20509193776520507,306.03499999999997,367.2849999999996,308.97355784029634,339.0622242538477,Up
SUNTV,Media Entertainment & Publication,SELL,4.57,4.49,-0.52,-13.81,-7.07,No,-1.12,-0.11530206796920617,22.0,2026-07-29 13:40:26,https://in.tradingview.com/chart/?symbol=NSE:SUNTV,512.85,57.91929000978444,-0.005237125400058051,-0.13813965213007295,-0.07067137809187274,507.249,556.8535,496.1057467494935,518.5365687783375,Up
SUPREMEIND,Capital Goods,SELL,2.47,0.77,10.18,-4.2,-0.24,No,-0.67,-0.08556046093796839,29.0,2026-07-29 13:40:26,https://in.tradingview.com/chart/?symbol=NSE:SUPREMEIND,3479.3,54.86679372373083,0.10181138767496356,-0.042016575346237484,-0.0024370663455473007,3443.4320000000007,3631.3455000000026,3417.4682723589326,3241.87970863946,Up
SUPRIYA,Healthcare,SELL,3.55,2.31,-15.56,21.98,15.03,Yes,0.88,0.19221250525987868,79.0,2026-07-29 13:40:26,https://in.tradingview.com/chart/?symbol=NSE:SUPRIYA,859.6,48.5408576885683,-0.15564068562447808,0.2198098481623385,0.1502743208885322,890.2779999999999,745.8817499999996,847.5272059598894,942.8067748921908,Up
SURYAROSNI,Capital Goods,SELL,-0.52,1.1,-7.97,0.55,-3.17,No,-0.2,-0.08692477139399252,29.0,2026-07-29 13:40:26,https://in.tradingview.com/chart/?symbol=NSE:SURYAROSNI,238.1,37.44716294427113,-0.07973563173965148,0.005532328223320171,-0.031720211468076465,250.15219999999997,250.99744999999993,240.38493393166073,259.6804490564225,Up
SUZLON,Capital Goods,SELL,-1.19,-10.49,-19.44,-17.22,0.98,No,-1.17,-0.1488830840598721,15.0,2026-07-29 13:40:26,https://in.tradingview.com/chart/?symbol=NSE:SUZLON,47.45,26.27582129442531,-0.19439728353140906,-0.1721912072575017,0.009789316875931098,54.76620000000002,51.382650000000034,51.0415554085332,51.910376624943304,Up
SWANCORP,Chemicals,SELL,0.4,0.34,-1.02,-8.03,-22.63,No,-1.21,-0.21051418153687262,7.0,2026-07-29 13:40:26,https://in.tradingview.com/chart/?symbol=NSE:SWANCORP,310.25,44.85610120737343,-0.010208964747168592,-0.08033199940714397,-0.2263092269326683,316.57899999999995,383.1220000000002,311.08731542185177,333.0687070324409,Up
SWIGGY,Consumer Services,SELL,7.03,8.9,20.05,1.79,-10.29,No,-0.43,-0.13486162784185785,18.0,2026-07-29 13:40:26,https://in.tradingview.com/chart/?symbol=NSE:SWIGGY,287.34,63.063007886417786,0.20050135784416123,0.017853347502656547,-0.10290352794255397,256.78119999999996,322.18330000000003,268.3324803703686,249.56634361719287,Up
SWSOLAR,Construction,SELL,1.4,2.06,-14.37,-1.89,9.78,Yes,-0.18,-0.07071756855841183,33.0,2026-07-29 13:40:26,https://in.tradingview.com/chart/?symbol=NSE:SWSOLAR,209.27,39.26491513273137,-0.1437397708674304,-0.018939571515634523,0.09778104180873948,217.10620000000003,209.0161999999999,212.0511885100602,233.25094792490944,Up
SYMPHONY,Consumer Durables,SELL,0.78,-0.04,1.88,-20.57,-18.84,No,-2.23,-0.2501921348485008,3.0,2026-07-29 13:40:26,https://in.tradingview.com/chart/?symbol=NSE:SYMPHONY,693.95,48.8419007033399,0.018791749247595968,-0.2056887769701825,-0.18836257309941518,694.465,811.6077499999996,690.7781905384754,665.6532373034069,Up
SYNGENE,Healthcare,SELL,1.25,1.93,-5.75,-5.91,-30.1,No,-1.33,-0.2312720817222894,4.0,2026-07-29 13:40:26,https://in.tradingview.com/chart/?symbol=NSE:SYNGENE,414.25,43.71726009527229,-0.057451649601820254,-0.05905735377626353,-0.3009618629767128,436.25899999999996,512.1164999999999,412.4571320989753,435.3111538168248,Up
SYRMA,Capital Goods,SELL,2.86,-1.47,-3.79,38.27,101.24,Yes,2.54,0.6724653941141133,98.0,2026-07-29 13:40:26,https://in.tradingview.com/chart/?symbol=NSE:SYRMA,1343.4,50.090444823437814,-0.03788584115161486,0.3827389223405899,1.0124335255786088,1285.7350000000004,937.02475,1343.842504298253,1439.4508171736074,Up
TANLA,Information Technology,HOLD,2.24,8.78,15.24,9.18,36.27,Yes,0.56,0.0819647354186543,63.0,2026-07-29 13:40:26,https://in.tradingview.com/chart/?symbol=NSE:TANLA,610.9,63.24453594242405,0.1524240709300131,0.09177017246001262,0.3627035467320989,539.397,528.5277499999999,589.6244346657242,554.0064220790404,Up
TARC,Realty,SELL,2.51,9.33,6.1,-0.16,-17.2,No,-0.4,-0.11371083616118055,23.0,2026-07-29 13:40:26,https://in.tradingview.com/chart/?symbol=NSE:TARC,134.16,63.551902339880506,0.060972716488730594,-0.001637148385176368,-0.17200518422514355,126.72440000000002,140.76615000000007,128.3709788562054,119.78134490726146,Up
TARIL,Capital Goods,SELL,0.81,-2.98,-15.18,-11.78,23.17,No,-0.5,-0.1609124790100998,14.0,2026-07-29 13:40:26,https://in.tradingview.com/chart/?symbol=NSE:TARIL,298.0,37.83113360226451,-0.15184289170342968,-0.11782119597394913,0.23165943376730724,323.788,315.60870000000006,307.1399952366028,331.2502363395127,Up
TATACHEM,Chemicals,SELL,0.7,-1.82,-5.15,-15.35,-6.93,No,-1.7,-0.18206975853816082,10.0,2026-07-29 13:40:26,https://in.tradingview.com/chart/?symbol=NSE:TATACHEM,679.05,39.925955785529155,-0.05153991200502839,-0.15346256934488567,-0.06934831768656213,720.132,749.4344999999995,687.7736558503589,728.7602251575622,Up
TATACOMM,Telecommunication,SELL,0.92,1.1,-9.64,11.39,15.04,Yes,0.55,0.06266181143061891,61.0,2026-07-29 13:40:26,https://in.tradingview.com/chart/?symbol=NSE:TATACOMM,1780.7,41.272274743910216,-0.09636658885618588,0.11391217315150759,0.1503973124878868,1901.29,1736.3215,1788.8813234845386,1936.1916018567565,Up
TATACONSUM,Fast Moving Consumer Goods,SELL,1.29,0.11,1.91,-4.5,-6.73,No,-0.59,-0.04374765711762385,38.0,2026-07-29 13:40:26,https://in.tradingview.com/chart/?symbol=NSE:TATACONSUM,1096.1,47.998862547244244,0.019059129788025375,-0.0449594841857629,-0.0673076923076924,1122.096,1141.3789999999997,1094.4611439132495,1149.4820864576843,Up
TATAELXSI,Information Technology,SELL,2.56,7.83,-4.08,-11.09,-32.77,No,-1.7,-0.25416886033178904,3.0,2026-07-29 13:40:26,https://in.tradingview.com/chart/?symbol=NSE:TATAELXSI,3673.4,49.10680840082539,-0.04081259628691536,-0.11090134572562693,-0.3277086383601757,3932.0919999999996,4685.835000000003,3564.2108115968185,3697.5335405354294,Up
TATAINVEST,Financial Services,SELL,3.28,5.18,1.34,-6.81,9.01,No,-0.59,-0.054832532368185354,36.0,2026-07-29 13:40:26,https://in.tradingview.com/chart/?symbol=NSE:TATAINVEST,675.75,55.47580186472835,0.01342231553689266,-0.06812383644763154,0.09009517664139377,668.1660000000002,695.7184999999996,656.3328141894924,627.1980210873154,Up
TATAPOWER,Power,SELL,1.59,-0.34,-2.14,-18.31,6.78,No,-1.91,-0.08272808057994493,30.0,2026-07-29 13:40:26,https://in.tradingview.com/chart/?symbol=NSE:TATAPOWER,377.25,44.36270560598512,-0.021400778210116767,-0.18308791684712,0.06778941409566941,393.404,391.0655000000002,376.7592987137188,392.61587405855397,Up
TATASTEEL,Metals & Mining,SELL,2.54,0.4,-0.42,-12.92,-0.97,No,-1.03,-0.007083462695516896,47.0,2026-07-29 13:40:26,https://in.tradingview.com/chart/?symbol=NSE:TATASTEEL,187.27,46.38743205144092,-0.0042007869828777356,-0.1291792606370612,-0.009677419354838679,195.8712,190.99285000000003,185.35578534342608,192.26299690364135,Up
TATATECH,Information Technology,HOLD,0.51,4.2,8.52,30.29,13.84,Yes,1.29,0.17287510785256657,78.0,2026-07-29 13:40:26,https://in.tradingview.com/chart/?symbol=NSE:TATATECH,742.4,54.25854661186019,0.08522145885104515,0.3029133029133029,0.13838840757494442,728.905,654.6305000000001,729.1905702584111,688.8398396038807,Up
TBOTEK,Consumer Services,HOLD,0.93,3.64,6.5,21.38,4.3,Yes,0.9,0.10710833055846226,69.0,2026-07-29 13:40:26,https://in.tradingview.com/chart/?symbol=NSE:TBOTEK,1522.6,61.86884070757505,0.06497866685318598,0.21380739795918347,0.04301959172489389,1382.5159999999998,1420.031,1484.7783124829039,1387.4760564864234,Up
TCS,Information Technology,SELL,2.03,10.79,20.43,0.08,-22.34,No,-0.74,-0.12668960104928637,19.0,2026-07-29 13:40:26,https://in.tradingview.com/chart/?symbol=NSE:TCS,2446.6,72.31651811916794,0.2043317745508244,0.0007771914754366449,-0.2234002031488066,2197.4320000000002,2700.7825,2300.8495455577104,2267.193744401061,Up
TDPOWERSYS,Capital Goods,SELL,-7.07,-10.74,-16.34,-9.56,64.11,Yes,0.78,0.42659037081533335,94.0,2026-07-29 13:40:26,https://in.tradingview.com/chart/?symbol=NSE:TDPOWERSYS,1036.0,37.27415373206894,-0.16336913510457884,-0.09563091964558501,0.6410581340091874,1206.0959999999998,913.5624999999998,1113.7872323475174,1231.2226759142918,Up
TEAMLEASE,Services,SELL,-0.1,-2.93,-10.1,4.61,-10.31,No,-0.55,-0.12139715051653195,20.0,2026-07-29 13:40:26,https://in.tradingview.com/chart/?symbol=NSE:TEAMLEASE,1299.2,32.417147719229014,-0.10096187115078537,0.0461389805942507,-0.10313406047217999,1394.2479999999998,1439.3585000000007,1326.9305385159419,1404.0999145973658,Up
TECHM,Information Technology,HOLD,0.55,5.36,17.05,16.77,-2.56,Yes,0.8,0.10194537787176004,67.0,2026-07-29 13:40:26,https://in.tradingview.com/chart/?symbol=NSE:TECHM,1644.2,72.32985863305328,0.17049903894069907,0.1676727505148783,-0.02560151712694092,1477.828,1492.6844999999996,1580.5542194182235,1530.8285319080824,Up
TECHNOE,Construction,SELL,-0.31,-2.12,-6.19,-21.76,7.96,No,-1.2,-0.19737541279348567,8.0,2026-07-29 13:40:26,https://in.tradingview.com/chart/?symbol=NSE:TECHNOE,988.8,33.90616492979934,-0.061859582542694524,-0.21759772115841114,0.07959384212250242,1073.164,1130.2605,1005.2538487209483,1070.895737647079,Up
TEGA,Capital Goods,SELL,0.23,-4.02,-11.34,-10.04,-12.95,No,-1.01,-0.159449884374615,14.0,2026-07-29 13:40:26,https://in.tradingview.com/chart/?symbol=NSE:TEGA,1504.4,30.871742637251305,-0.11338991041961333,-0.10040064581713803,-0.1295492680668865,1684.682,1775.4005000000002,1555.3720350423619,1661.8466091635494,Up
TEJASNET,Telecommunication,SELL,5.2,-0.11,-15.1,25.98,60.94,Yes,0.98,0.18042812774700784,78.0,2026-07-29 13:40:26,https://in.tradingview.com/chart/?symbol=NSE:TEJASNET,520.0,44.23779203550201,-0.15102040816326534,0.25984251968503935,0.6094088517486844,551.966,472.62674999999984,518.1591010525335,558.4992096857306,Up
TEXRAIL,Capital Goods,SELL,2.42,0.94,4.37,6.07,-7.55,No,-0.05,-0.08507180156454719,29.0,2026-07-29 13:40:26,https://in.tradingview.com/chart/?symbol=NSE:TEXRAIL,112.36,50.16378485998777,0.043655953929035984,0.06070046256962147,-0.07553068948494324,110.10879999999997,116.34929999999997,112.1819938655519,108.30052051995622,Up
THANGAMAYL,Consumer Durables,HOLD,-10.0,-0.37,0.84,62.6,77.6,Yes,2.69,1.3383972005517126,99.0,2026-07-29 13:40:26,https://in.tradingview.com/chart/?symbol=NSE:THANGAMAYL,6452.0,52.30446780701381,0.0084086149229472,0.6260490435746868,0.7759916320295082,5631.952,3929.464500000001,6748.31162476723,6303.915023632742,Up
THELEELA,Consumer Services,HOLD,-0.83,-3.95,-0.8,12.35,16.34,Yes,0.77,0.10186291008675209,67.0,2026-07-29 13:40:26,https://in.tradingview.com/chart/?symbol=NSE:THELEELA,471.65,46.51627925106046,-0.007992428225891302,0.12351119580752723,0.16341884558460773,457.58899999999994,433.4544999999997,479.30051974579385,453.1733322643514,Up
THERMAX,Capital Goods,SELL,-0.87,-7.22,-15.15,9.03,50.53,Yes,0.98,0.23353714355465874,83.0,2026-07-29 13:40:26,https://in.tradingview.com/chart/?symbol=NSE:THERMAX,4378.0,40.116541566138324,-0.1514681655199147,0.09032948970189025,0.5053467661520474,4701.782,3607.2874999999995,4529.716959581011,4853.597955522045,Up
THOMASCOOK,Consumer Services,SELL,2.0,-2.09,-7.63,1.28,-21.45,No,-0.65,-0.20572123676465592,7.0,2026-07-29 13:40:26,https://in.tradingview.com/chart/?symbol=NSE:THOMASCOOK,99.84,43.86228013558872,-0.0763252844851513,0.012781497261107777,-0.2144767899291895,102.68419999999998,120.1229,100.3975109918487,108.59763226808441,Up
THYROCARE,Healthcare,BUY,0.05,3.95,5.59,42.65,26.64,Yes,2.0,0.39234318243421273,93.0,2026-07-29 13:40:26,https://in.tradingview.com/chart/?symbol=NSE:THYROCARE,580.0,61.75152738842348,0.05588931367194627,0.426463354648303,0.26637554585152845,531.3030000000001,453.6371500000002,563.9604997368407,519.739118729038,Up
TI,Fast Moving Consumer Goods,HOLD,4.8,5.35,2.25,1.26,15.23,Yes,0.18,0.04625237672921752,58.0,2026-07-29 13:40:26,https://in.tradingview.com/chart/?symbol=NSE:TI,465.4,64.61848275999593,0.022520048335713527,0.012619669277632584,0.1522654122307503,440.1570000000001,450.7504999999999,447.9632078139812,420.9605114477296,Up
TIINDIA,Automobile and Auto Components,SELL,-1.37,-4.03,-8.01,-7.14,21.33,No,-0.32,-0.018224748517567967,44.0,2026-07-29 13:40:26,https://in.tradingview.com/chart/?symbol=NSE:TIINDIA,2786.7,36.47325483093139,-0.08008450797213884,-0.07140953015661455,0.2132967607105536,3030.6839999999993,2803.490499999998,2846.271416694666,3029.384089857652,Up
TIMETECHNO,Capital Goods,HOLD,2.66,6.53,20.23,17.03,22.84,Yes,0.82,0.09157400842692583,65.0,2026-07-29 13:40:26,https://in.tradingview.com/chart/?symbol=NSE:TIMETECHNO,216.36,69.97604818648153,0.20226717048232934,0.1702726092600606,0.22841083290751163,182.59040000000002,187.79670000000002,205.50932037094384,192.81916248763474,Up
TIMKEN,Capital Goods,SELL,0.96,1.04,-10.92,-12.17,2.33,No,-0.88,-0.05657895607651793,35.0,2026-07-29 13:40:26,https://in.tradingview.com/chart/?symbol=NSE:TIMKEN,3105.0,33.94602108745653,-0.10921766072811767,-0.12174011427278386,0.023300266947895665,3435.798,3249.346000000001,3119.7176179523817,3322.8534636812474,Up
TIPSMUSIC,Media Entertainment & Publication,SELL,-1.0,9.98,9.29,3.97,25.68,Yes,0.61,0.14594299234796373,73.0,2026-07-29 13:40:26,https://in.tradingview.com/chart/?symbol=NSE:TIPSMUSIC,685.0,51.339093020547026,0.09285258455647738,0.039690369583365026,0.25676543436381993,666.758,575.9439999999998,688.2040795994646,757.4553887977526,Up
TITAGARH,Capital Goods,SELL,2.89,1.73,-5.32,6.08,4.82,Yes,0.19,0.0011034350960225543,49.0,2026-07-29 13:40:26,https://in.tradingview.com/chart/?symbol=NSE:TITAGARH,833.85,46.74945120593129,-0.05319632110820938,0.060810381019019255,0.0482086737900691,848.761,801.7067499999997,830.5125748056624,885.8687393465674,Up
TITAN,Consumer Durables,BUY,0.01,2.94,10.13,9.81,20.69,Yes,1.27,0.22331523454656216,82.0,2026-07-29 13:40:26,https://in.tradingview.com/chart/?symbol=NSE:TITAN,4850.2,76.41377513633752,0.10131698455949123,0.0980756169345709,0.2069377395112726,4377.938,4132.497999999999,4733.635280346727,4622.852948844403,Up
TMPV,Automobile and Auto Components,SELL,1.66,0.64,-6.36,-5.99,-5.04,No,-0.69,-0.11138542994312894,23.0,2026-07-29 13:40:26,https://in.tradingview.com/chart/?symbol=NSE:TMPV,329.8,41.38103548287761,-0.06360022714366831,-0.05986316989737739,-0.05038871292830405,358.384,360.4365500000003,329.1631554817018,345.52833346792,Up
TORNTPHARM,Healthcare,HOLD,-0.4,-3.08,5.59,16.63,21.34,Yes,1.78,0.2577871863639452,85.0,2026-07-29 13:40:26,https://in.tradingview.com/chart/?symbol=NSE:TORNTPHARM,4878.5,52.606090263505166,0.05592952533494944,0.16629611035406078,0.21340629274965806,4653.514000000001,4152.05,4947.431153141151,4679.910046581427,Up
TORNTPOWER,Power,SELL,-0.05,-0.14,1.14,-18.45,8.3,Yes,-0.92,-0.030950004757446734,41.0,2026-07-29 13:40:26,https://in.tradingview.com/chart/?symbol=NSE:TORNTPOWER,1431.1,50.34870837097436,0.011449572407943975,-0.18451193800216548,0.0830180112002421,1430.1759999999997,1409.7055,1430.9269153457142,1490.6492174417626,Up
TRANSRAILL,Capital Goods,SELL,3.46,3.29,-2.78,-18.79,6.68,No,-1.55,-0.1922381858593809,8.0,2026-07-29 13:40:26,https://in.tradingview.com/chart/?symbol=NSE:TRANSRAILL,497.75,49.99714364836095,-0.02783203125,-0.1879435516763195,0.0667595370767251,498.561,560.2267499999998,490.17415920879364,514.1723390125169,Up
TRENT,Consumer Services,SELL,2.54,4.08,-8.45,5.97,18.51,Yes,0.27,0.01676496706051142,52.0,2026-07-29 13:40:26,https://in.tradingview.com/chart/?symbol=NSE:TRENT,3005.2,54.83131904866142,-0.08450618412234212,0.0596876509645865,0.18507652206146208,2948.6054,2801.4469,2932.1511197455798,3085.8431449872023,Up
TRIDENT,Textiles,SELL,0.32,-2.32,-4.82,-4.71,-4.82,No,-0.73,-0.09455243198657633,27.0,2026-07-29 13:40:26,https://in.tradingview.com/chart/?symbol=NSE:TRIDENT,24.86,42.77082016510688,-0.04823889739663101,-0.04714449980835567,-0.04823889739663101,25.117799999999995,26.126299999999986,25.102700070440765,26.641992653824122,Up
TRITURBINE,Capital Goods,SELL,1.07,0.37,-10.71,5.89,29.34,Yes,0.53,0.10048583315784909,67.0,2026-07-29 13:40:26,https://in.tradingview.com/chart/?symbol=NSE:TRITURBINE,615.9,44.87691736495007,-0.10706777818050017,0.058884208716582176,0.29336413271734574,658.98,551.6442499999995,616.582804352711,673.4465538861838,Up
TSFINV,Financial Services,SELL,-0.79,-0.05,0.65,9.09,9.5,No,0.15,-0.045926157630815374,37.0,2026-07-29 13:40:26,https://in.tradingview.com/chart/?symbol=NSE:TSFINV,443.0,48.762018623950006,0.006475065318641393,0.09086431913321835,0.09504387591150665,426.97599999999994,454.8210000000001,447.64867479645415,475.5912424850423,Up
TTML,Telecommunication,SELL,1.98,-2.09,-7.15,-10.25,-8.58,No,-1.01,-0.1895881722943219,9.0,2026-07-29 13:40:26,https://in.tradingview.com/chart/?symbol=NSE:TTML,39.75,40.217900933432695,-0.07147862648913805,-0.10250620907654096,-0.08578656853725841,42.35659999999999,45.4711,39.82974630799831,43.508303779688696,Up
TVSMOTOR,Automobile and Auto Components,HOLD,2.06,4.3,17.77,16.58,14.16,Yes,1.26,0.2049311202839529,80.0,2026-07-29 13:40:26,https://in.tradingview.com/chart/?symbol=NSE:TVSMOTOR,4075.6,74.28825818208801,0.17771484713633479,0.16582282101890788,0.1415926724741603,3535.3940000000002,3599.8864999999983,3878.7526148256734,3764.766925360002,Up
TVSSCS,Services,HOLD,1.14,2.53,2.0,16.95,40.93,Yes,0.97,0.17181338899808887,77.0,2026-07-29 13:40:26,https://in.tradingview.com/chart/?symbol=NSE:TVSSCS,137.15,54.703262054401925,0.020005949724825278,0.1695233222478043,0.4092683929305385,130.65540000000001,116.71014999999997,135.78051715876808,128.40389321821417,Up
UBL,Fast Moving Consumer Goods,SELL,0.38,0.64,7.72,-2.5,-0.24,No,-0.97,-0.10775031081975397,23.0,2026-07-29 13:40:26,https://in.tradingview.com/chart/?symbol=NSE:UBL,1440.2,66.56535568975866,0.07718773373223642,-0.02504738694828057,-0.002355223053477351,1348.674,1542.8249999999991,1407.713342428158,1345.8232908462455,Up
UCOBANK,Financial Services,SELL,-0.6,-0.15,-1.78,0.95,-8.55,No,-0.47,-0.08210792962458764,30.0,2026-07-29 13:40:26,https://in.tradingview.com/chart/?symbol=NSE:UCOBANK,26.51,51.08411306515443,-0.017784364579473744,0.009520182787509546,-0.08554674025526032,26.160800000000002,28.01265,26.440388259699827,27.380867869441893,Up
UJJIVANSFB,Financial Services,BUY,0.36,8.18,19.17,25.5,13.57,Yes,1.49,0.3033632603565787,89.0,2026-07-29 13:40:26,https://in.tradingview.com/chart/?symbol=NSE:UJJIVANSFB,70.37,68.97164403996344,0.1917019475021169,0.2550383449259854,0.13573273079406079,59.26140000000001,56.84964999999999,68.5324689317832,64.59312524895525,Up
ULTRACEMCO,Construction Materials,HOLD,0.35,0.88,6.62,1.53,-2.96,Yes,-0.18,-0.014575391907978809,45.0,2026-07-29 13:40:26,https://in.tradingview.com/chart/?symbol=NSE:ULTRACEMCO,11998.0,60.15117054459237,0.06620456767084337,0.01531691630701526,-0.029602070527337432,11479.580000000004,11814.854999999996,11888.82681418505,11424.895181926517,Up
UNIMECH,Capital Goods,HOLD,0.88,-3.61,1.67,7.29,36.38,Yes,0.65,0.14484716831427574,73.0,2026-07-29 13:40:26,https://in.tradingview.com/chart/?symbol=NSE:UNIMECH,1191.2,50.27402788181958,0.016685870353774446,0.07286319012879416,0.3637872803251474,1126.245,975.7830000000001,1213.8905159401968,1120.7143453995736,Up
UNIONBANK,Financial Services,HOLD,1.69,0.26,-0.78,0.35,-2.12,Yes,0.21,0.07858658046852168,62.0,2026-07-29 13:40:26,https://in.tradingview.com/chart/?symbol=NSE:UNIONBANK,171.08,52.220356252804045,-0.007829264049179385,0.0035194744251525467,-0.021169470191097273,168.4406,166.71889999999996,170.12258306076612,161.24879591954496,Up
UNITDSPR,Fast Moving Consumer Goods,HOLD,-0.29,7.14,11.4,9.46,12.4,Yes,0.8,0.10412359971671797,67.0,2026-07-29 13:40:26,https://in.tradingview.com/chart/?symbol=NSE:UNITDSPR,1504.4,73.25647297315487,0.11404028436018954,0.09458672875436558,0.12402869097429758,1343.0360000000003,1358.6759999999995,1453.5692412836756,1419.7767539943634,Up
UNOMINDA,Automobile and Auto Components,SELL,0.41,3.34,7.44,3.45,-0.41,No,0.13,0.020470897022766367,53.0,2026-07-29 13:40:26,https://in.tradingview.com/chart/?symbol=NSE:UNOMINDA,1168.7,60.18040725911692,0.07437028865600293,0.034522439585730647,-0.004090328078397931,1113.652,1172.3965,1151.663305619963,1082.3544517795756,Up
UPL,Chemicals,SELL,1.58,0.05,6.64,-5.63,-13.04,No,-0.68,-0.09900471284307182,26.0,2026-07-29 13:40:26,https://in.tradingview.com/chart/?symbol=NSE:UPL,609.15,51.67230515194057,0.06643907563025198,-0.056312935708752954,-0.130406852248394,612.511,678.1387499999997,605.9706999573302,569.9949120924388,Up
USHAMART,Capital Goods,HOLD,-0.19,2.94,2.91,11.77,21.74,Yes,0.99,0.17966941188155827,78.0,2026-07-29 13:40:26,https://in.tradingview.com/chart/?symbol=NSE:USHAMART,511.35,57.76431676284935,0.02908029784664934,0.11770491803278693,0.21735507677657417,493.3969999999998,451.2815000000001,503.8392318159582,474.9738063322903,Up
UTIAMC,Financial Services,SELL,1.64,0.6,-2.14,-4.93,-11.13,No,-1.27,-0.18106401352984597,10.0,2026-07-29 13:40:26,https://in.tradingview.com/chart/?symbol=NSE:UTIAMC,915.05,44.054551299013255,-0.02144155705272166,-0.0492987012987014,-0.11125679875679872,942.2210000000001,1049.2977500000002,916.0210319466963,964.4336148451497,Up
V2RETAIL,Consumer Services,SELL,0.08,0.31,-2.09,8.91,15.08,Yes,0.57,0.10260475344886479,67.0,2026-07-29 13:40:26,https://in.tradingview.com/chart/?symbol=NSE:V2RETAIL,222.05,46.903257715719874,-0.020900392433528703,0.08912105159897976,0.15081627364602235,229.62779999999995,218.0003,222.19225044531953,241.57081107391883,Up
VAIBHAVGBL,Consumer Durables,HOLD,-1.7,3.28,16.29,21.28,24.12,Yes,1.18,0.19284635769551853,79.0,2026-07-29 13:40:26,https://in.tradingview.com/chart/?symbol=NSE:VAIBHAVGBL,266.6,62.34429005656433,0.1628718485562246,0.2127553109220761,0.24121234694352633,240.40780000000004,231.75315000000003,260.73873430762734,239.83153155581573,Up
VARROC,Automobile and Auto Components,HOLD,0.89,2.37,4.98,29.0,18.01,Yes,1.57,0.20453776588253803,80.0,2026-07-29 13:40:26,https://in.tradingview.com/chart/?symbol=NSE:VARROC,664.55,59.16360369337404,0.049842022116903584,0.2900126176841695,0.1800585989523218,617.1980000000001,585.7805,655.5934592812415,607.7901760128262,Up
VBL,Fast Moving Consumer Goods,SELL,4.0,-2.41,-11.89,-13.76,-8.19,No,-1.08,-0.09396147935613067,28.0,2026-07-29 13:40:26,https://in.tradingview.com/chart/?symbol=NSE:VBL,447.2,36.43838698830018,-0.11890454142449025,-0.13759521743322722,-0.08191336481215361,502.9450000000001,473.01724999999993,455.6847625615822,480.1350044769734,Up
VEDL,Metals & Mining,SELL,1.99,0.84,-5.79,-4.4,4.15,Yes,0.44,0.19937180115705455,80.0,2026-07-29 13:40:26,https://in.tradingview.com/chart/?symbol=NSE:VEDL,264.5,41.99823351524809,-0.05788067675868214,-0.04395286633412865,0.04146158995156912,294.553,252.3385999999999,263.64634469933435,277.81228528464214,Up
VENTIVE,Consumer Services,SELL,2.56,3.23,1.19,2.26,-13.95,No,-0.52,-0.09704029046223493,27.0,2026-07-29 13:40:26,https://in.tradingview.com/chart/?symbol=NSE:VENTIVE,635.1,57.955291755958015,0.01186967258822591,0.02262297721600537,-0.13954748679040785,629.7459999999999,682.6225000000002,621.9017026256159,659.3927613432579,Up
VESUVIUS,Capital Goods,SELL,0.75,-1.96,-1.09,-12.8,-2.01,No,-1.17,-0.10059551082324097,25.0,2026-07-29 13:40:26,https://in.tradingview.com/chart/?symbol=NSE:VESUVIUS,452.95,42.64567073787972,-0.01091822251337482,-0.12802002117624423,-0.02011898323418071,465.02099999999996,480.66975000000014,455.70230919794994,482.0924709289017,Up
VGUARD,Consumer Durables,SELL,3.32,2.39,0.65,-9.61,-2.49,No,-1.36,-0.12842452546329258,19.0,2026-07-29 13:40:26,https://in.tradingview.com/chart/?symbol=NSE:VGUARD,301.95,50.7695340346641,0.00649999999999995,-0.09609339919173787,-0.0248667850799289,303.82199999999995,326.39949999999976,297.28485811051894,309.6062113322093,Up
VIJAYA,Healthcare,BUY,1.01,4.55,1.49,23.63,38.48,Yes,1.59,0.3170129849742043,90.0,2026-07-29 13:40:26,https://in.tradingview.com/chart/?symbol=NSE:VIJAYA,1372.8,56.013090871466666,0.014934200798462305,0.2363112391930835,0.38484817915868064,1323.0819999999999,1091.0425000000005,1349.602685080724,1249.1231158797552,Up
VINATIORGA,Chemicals,SELL,0.32,-0.69,-2.33,0.38,-14.55,No,-0.96,-0.1394376439766887,17.0,2026-07-29 13:40:26,https://in.tradingview.com/chart/?symbol=NSE:VINATIORGA,1305.0,46.19135030129916,-0.023276700845744958,0.0038461538461538325,-0.14549502357255106,1322.3239999999998,1462.0165000000009,1309.5176937662095,1375.1170043448246,Up
VIPIND,Consumer Durables,SELL,1.86,1.18,-3.03,0.61,-15.72,No,-0.62,-0.16520710300560962,13.0,2026-07-29 13:40:26,https://in.tradingview.com/chart/?symbol=NSE:VIPIND,296.4,45.74049406594277,-0.03026337313921157,0.006109979633400986,-0.15723628092123976,307.2149999999999,348.0902500000001,295.7736982046679,316.4588861294643,Up
VIYASH,Healthcare,SELL,1.3,0.0,-7.23,22.1,27.63,Yes,1.23,0.26691091793847704,86.0,2026-07-29 13:40:26,https://in.tradingview.com/chart/?symbol=NSE:VIYASH,256.75,44.40526572964073,-0.0722673893405601,0.2210491273125028,0.27628374012029644,262.3098,222.74974999999998,259.90736642001013,280.408519058937,Up
VMART,Consumer Services,SELL,4.74,-2.71,-3.99,18.87,29.47,Yes,0.93,0.0988736312111348,66.0,2026-07-29 13:40:26,https://in.tradingview.com/chart/?symbol=NSE:VMART,748.0,49.81394622877324,-0.039856235158205466,0.18871672626142222,0.29467762873215064,730.8100000000002,691.5157500000004,743.2958522438785,783.5765110688939,Up
VMM,Consumer Services,SELL,-1.22,-3.37,-8.23,-14.09,-12.86,No,-1.78,-0.18088596484475278,10.0,2026-07-29 13:40:26,https://in.tradingview.com/chart/?symbol=NSE:VMM,108.24,36.41952922013817,-0.08232301822806276,-0.14088419715850464,-0.12864273063918852,117.13179999999998,124.71619999999996,110.53568264074727,117.31740119892248,Up
VOLTAMP,Capital Goods,SELL,0.31,-0.85,-10.22,-19.05,35.1,Yes,-0.15,0.048112069715762894,59.0,2026-07-29 13:40:26,https://in.tradingview.com/chart/?symbol=NSE:VOLTAMP,9319.0,42.8614944316519,-0.10217255166433836,-0.19053203040173727,0.35097129602783417,9627.849999999999,8638.05,9340.67123131892,9898.858989207158,Up
VOLTAS,Consumer Durables,SELL,0.17,0.41,2.79,-13.09,1.53,No,-0.88,-0.07932420458949367,30.0,2026-07-29 13:40:26,https://in.tradingview.com/chart/?symbol=NSE:VOLTAS,1313.3,48.55146366468823,0.027943018159048316,-0.1308980213089802,0.015307305759566958,1302.8400000000006,1371.5614999999998,1322.3869304839227,1282.5588648290839,Up
VSTIND,Fast Moving Consumer Goods,SELL,-4.03,-5.25,-15.48,-15.54,-7.66,No,-1.86,-0.1572861740963124,14.0,2026-07-29 13:40:26,https://in.tradingview.com/chart/?symbol=NSE:VSTIND,220.0,26.304960131192384,-0.15482135996926627,-0.15537297961377516,-0.07660020986358862,252.258,246.34749999999997,231.0590159300893,236.6689391845834,Up
VTL,Textiles,SELL,2.78,0.48,-1.04,3.35,51.32,Yes,1.06,0.27593463160229,87.0,2026-07-29 13:40:26,https://in.tradingview.com/chart/?symbol=NSE:VTL,629.55,49.878391284604184,-0.010374911577458179,0.03348928835262255,0.5131594760245162,628.546,521.348,624.8661147785211,666.0870280572772,Up
WAAREEENER,Capital Goods,SELL,1.56,1.45,-7.15,-20.77,3.58,No,-1.42,-0.1428934280501369,16.0,2026-07-29 13:40:26,https://in.tradingview.com/chart/?symbol=NSE:WAAREEENER,2736.2,38.77064293413826,-0.07153036986766204,-0.20772527217975445,0.03577241927546648,2944.66,3044.2075000000004,2745.3883525719793,2894.049311524289,Up
WAAREERTL,Capital Goods,SELL,-1.08,-10.37,-10.29,-13.77,1.31,No,-1.14,-0.1435143929636915,16.0,2026-07-29 13:40:26,https://in.tradingview.com/chart/?symbol=NSE:WAAREERTL,913.5,33.0263210068179,-0.10287257549717654,-0.13767876528059653,0.013086392369967781,980.2840000000002,987.2342500000002,953.0404838625565,1000.9384532390641,Up
WABAG,Utilities,SELL,-0.89,-9.46,-6.59,24.22,69.56,Yes,1.49,0.3448142794806803,91.0,2026-07-29 13:40:26,https://in.tradingview.com/chart/?symbol=NSE:WABAG,1876.7,41.84516206920443,-0.06590015429794427,0.24218956844056128,0.6956089627755693,1844.652,1446.9264999999996,1993.6518951839284,2155.9807458600176,Up
WEBELSOLAR,Capital Goods,SELL,-0.81,-2.16,-2.61,-19.27,26.78,Yes,-0.73,-0.12253731141286739,20.0,2026-07-29 13:40:26,https://in.tradingview.com/chart/?symbol=NSE:WEBELSOLAR,98.65,43.571855361443305,-0.026063777273175992,-0.19271685761047463,0.2678318982135972,103.75859999999997,94.98870000000007,99.82819086254602,109.05479845174612,Up
WELCORP,Capital Goods,BUY,3.28,5.29,11.51,38.37,123.55,Yes,2.99,0.7640592947313006,99.0,2026-07-29 13:40:26,https://in.tradingview.com/chart/?symbol=NSE:WELCORP,1697.0,67.3497786764891,0.11505355148170038,0.3837247227658185,1.2355420893162954,1472.8700000000006,1035.0582499999996,1631.5455191402207,1531.0945647880803,Up
WELENT,Construction,HOLD,0.1,-1.67,-1.08,14.96,20.81,Yes,1.05,0.14739744251600437,74.0,2026-07-29 13:40:26,https://in.tradingview.com/chart/?symbol=NSE:WELENT,594.95,49.01171800366951,-0.010807215894920619,0.1495507680417354,0.20814295867600774,569.543,518.4805,603.0801413064225,579.2411288227416,Up
WELSPUNLIV,Textiles,HOLD,1.29,-1.63,2.18,23.16,29.26,Yes,1.29,0.24402522243259187,84.0,2026-07-29 13:40:26,https://in.tradingview.com/chart/?symbol=NSE:WELSPUNLIV,162.3,50.78624094071918,0.021782926215059284,0.23159811807558062,0.29260911118190513,155.33000000000004,135.50310000000002,163.33936284421367,154.43790842744514,Up
WESTLIFE,Consumer Services,SELL,4.82,-2.28,0.08,2.29,-0.71,No,-0.25,-0.10021927754284438,26.0,2026-07-29 13:40:26,https://in.tradingview.com/chart/?symbol=NSE:WESTLIFE,489.3,52.94612776324292,0.0008181632235630953,0.022891188460332446,-0.007102272727272707,470.87399999999997,507.675,477.65965565182603,431.5759441462228,Up
WHIRLPOOL,Consumer Durables,SELL,1.08,4.15,-2.92,-20.85,-0.14,No,-2.23,-0.2606314225151829,2.0,2026-07-29 13:40:26,https://in.tradingview.com/chart/?symbol=NSE:WHIRLPOOL,788.85,49.8039218145618,-0.029167435850101397,-0.20845875978326311,-0.0013924931957719489,801.741,931.7777499999996,780.53789719513,811.3552172282596,Up
WIPRO,Information Technology,SELL,1.37,5.26,7.76,-8.91,-23.7,No,-1.65,-0.18986848424287728,9.0,2026-07-29 13:40:26,https://in.tradingview.com/chart/?symbol=NSE:WIPRO,183.61,60.35404263106682,0.07758671283526053,-0.0891457485861693,-0.23702472470392688,183.80100000000004,217.72500000000005,178.5193416718472,173.25934395134558,Up
WOCKPHARMA,Healthcare,SELL,1.4,2.95,-1.28,35.22,40.87,Yes,1.45,0.32303012221028976,90.0,2026-07-29 13:40:26,https://in.tradingview.com/chart/?symbol=NSE:WOCKPHARMA,1916.5,55.34276511280857,-0.012825795817451358,0.3522190079729062,0.4086732818816612,1888.4679999999992,1499.034,1882.6334476370164,2034.3447184853806,Up
YATHARTH,Healthcare,HOLD,0.01,-2.03,-2.87,6.84,46.6,Yes,0.88,0.1813872695484394,78.0,2026-07-29 13:40:26,https://in.tradingview.com/chart/?symbol=NSE:YATHARTH,834.0,47.90263003987459,-0.028651292802236217,0.06840891621829348,0.46598699244155384,835.637,745.87225,840.5855150626289,794.2365076685227,Up
YESBANK,Financial Services,SELL,0.13,-1.72,-5.54,14.37,5.59,Yes,0.77,0.0960529043087493,66.0,2026-07-29 13:40:26,https://in.tradingview.com/chart/?symbol=NSE:YESBANK,22.84,40.55388256998621,-0.05541770057899087,0.14371557336004015,0.05594082293111424,23.487400000000004,21.876500000000004,23.071072640346802,24.23660691395734,Up
ZAGGLE,Information Technology,SELL,1.94,2.16,0.45,-18.5,-27.08,No,-1.07,-0.30914519465196905,1.0,2026-07-29 13:40:26,https://in.tradingview.com/chart/?symbol=NSE:ZAGGLE,207.74,50.018821881098475,0.0044968811953001175,-0.18498175683628226,-0.27083187083187077,207.83120000000002,276.754,205.24945626819843,219.90195588337636,Up
ZEEL,Media Entertainment & Publication,SELL,0.52,2.6,4.46,16.32,27.11,Yes,0.62,0.07888469965577814,63.0,2026-07-29 13:40:26,https://in.tradingview.com/chart/?symbol=NSE:ZEEL,108.13,55.644475823481734,0.04463336875664181,0.16318846815834775,0.271070882802398,103.0228,93.88419999999996,106.52127754833043,113.4438060026364,Up
ZENSARTECH,Information Technology,SELL,1.96,7.54,25.78,1.28,-25.94,No,-0.61,-0.18303200512188467,10.0,2026-07-29 13:40:26,https://in.tradingview.com/chart/?symbol=NSE:ZENSARTECH,534.95,59.33998274447287,0.2578180108158947,0.012779250283983412,-0.2593797591028657,482.9789999999999,609.9757500000004,515.1652234254096,473.1568180933281,Up
ZENTEC,Capital Goods,SELL,0.34,-9.29,-7.18,-2.46,26.46,Yes,0.21,0.05091668934787029,59.0,2026-07-29 13:40:26,https://in.tradingview.com/chart/?symbol=NSE:ZENTEC,1646.1,36.856325014843236,-0.07178301567610246,-0.024648930497126353,0.26457709149573616,1765.89,1499.539999999999,1727.8788184948778,1837.1707300387588,Up
ZFCVINDIA,Automobile and Auto Components,SELL,0.54,0.95,-6.87,-3.32,3.62,Yes,-0.11,0.02992665539439283,55.0,2026-07-29 13:40:26,https://in.tradingview.com/chart/?symbol=NSE:ZFCVINDIA,2389.7,49.45319312709665,-0.06870615744349184,-0.033226395019074983,0.03622022660948665,2440.0499999999997,2382.8173999999995,2360.8032351184397,2567.278162092217,Up
ZYDUSLIFE,Healthcare,HOLD,2.14,-0.32,0.91,23.2,26.82,Yes,1.85,0.2025589186162696,80.0,2026-07-29 13:40:26,https://in.tradingview.com/chart/?symbol=NSE:ZYDUSLIFE,1122.7,51.78090012834273,0.009077835700161963,0.2319762975968398,0.26815768665988937,1103.5369999999998,969.6717500000003,1120.7667384706983,1089.3316305745989,Up
ZYDUSWELL,Fast Moving Consumer Goods,HOLD,5.46,1.34,0.7,18.38,34.23,Yes,1.23,0.25589174668942405,85.0,2026-07-29 13:40:26,https://in.tradingview.com/chart/?symbol=NSE:ZYDUSWELL,579.45,54.55188357027515,0.00703858185610029,0.18375893769152207,0.34225156358582365,538.6400000000001,469.78800000000007,569.7105183013119,537.5950821520628,Up
